Symbol,Date,Type,Entry_Time,Exit_Time,Entry_P,Exit_P,PnL_Pct,Reason
ADANIENT,2015-03-12,SHORT,09:35:00,10:35:00,654.4,653.1978571428572,0.18,SL/Trail
ADANIENT,2015-05-20,LONG,10:20:00,11:50:00,775.45,776.6421428571429,0.15,SL/Trail
ADANIENT,2015-06-25,LONG,10:15:00,10:20:00,93.1,93.25,0.16,SL/Trail
ADANIENT,2015-07-06,LONG,10:30:00,11:00:00,90.5,90.01857142857143,-0.53,SL/Trail
ADANIENT,2015-07-14,LONG,10:25:00,10:50:00,91.0,90.64999999999999,-0.38,SL/Trail
ADANIENT,2015-07-30,SHORT,10:15:00,10:20:00,83.35,82.5,1.02,SL/Trail
ADANIENT,2015-08-18,LONG,10:15:00,10:20:00,89.15,88.95,-0.22,SL/Trail
ADANIENT,2015-09-10,SHORT,10:30:00,11:25:00,68.25,68.48571428571428,-0.35,SL/Trail
ADANIENT,2015-10-16,LONG,10:10:00,10:20:00,98.4,98.3,-0.1,SL/Trail
ADANIENT,2015-11-27,SHORT,10:15:00,10:45:00,83.35,83.51857142857142,-0.2,SL/Trail
ADANIENT,2016-01-05,SHORT,10:30:00,11:00:00,85.9,86.10357142857143,-0.24,SL/Trail
ADANIENT,2016-01-11,SHORT,10:10:00,10:40:00,80.55,81.0,-0.56,SL/Trail
ADANIENT,2016-02-25,SHORT,10:25:00,10:30:00,61.65,61.6,0.08,SL/Trail
ADANIENT,2016-03-29,LONG,10:30:00,10:40:00,68.45,67.88428571428571,-0.83,SL/Trail
ADANIENT,2016-05-20,SHORT,09:50:00,09:55:00,72.05,71.85,0.28,SL/Trail
ADANIENT,2016-05-25,SHORT,10:25:00,10:50:00,71.4,71.17500000000001,0.32,SL/Trail
ADANIENT,2016-05-30,LONG,10:25:00,10:30:00,73.25,73.55,0.41,SL/Trail
ADANIENT,2016-06-09,LONG,10:05:00,10:10:00,74.45,74.6,0.2,SL/Trail
ADANIENT,2016-06-13,LONG,09:45:00,10:45:00,73.55,73.95142857142856,0.55,SL/Trail
ADANIENT,2016-06-22,LONG,10:10:00,10:15:00,78.45,78.75,0.38,SL/Trail
ADANIENT,2016-08-24,LONG,10:30:00,11:40:00,74.4,74.5042857142857,0.14,SL/Trail
ADANIENT,2016-08-31,LONG,10:20:00,10:25:00,73.1,73.3,0.27,SL/Trail
ADANIENT,2016-09-23,LONG,10:20:00,10:25:00,71.8,71.8,0.0,SL/Trail
ADANIENT,2016-09-30,SHORT,09:50:00,09:55:00,65.2,65.1,0.15,SL/Trail
ADANIENT,2016-10-05,LONG,10:25:00,10:30:00,67.95,68.15,0.29,SL/Trail
ADANIENT,2016-11-07,SHORT,10:30:00,10:45:00,63.3,63.50714285714286,-0.33,SL/Trail
ADANIENT,2016-11-18,SHORT,10:15:00,10:20:00,63.7,63.4,0.47,SL/Trail
ADANIENT,2016-12-27,SHORT,10:30:00,11:05:00,69.55,69.9657142857143,-0.6,SL/Trail
ADANIENT,2017-01-05,LONG,10:30:00,11:40:00,78.5,78.90928571428572,0.52,SL/Trail
ADANIENT,2017-01-06,LONG,10:30:00,10:35:00,78.7,79.25,0.7,SL/Trail
ADANIENT,2017-01-11,LONG,10:30:00,10:35:00,80.5,80.5,0.0,SL/Trail
ADANIENT,2017-01-31,LONG,10:25:00,10:30:00,90.4,92.1,1.88,SL/Trail
ADANIENT,2017-03-20,LONG,10:25:00,10:30:00,101.95,103.05,1.08,SL/Trail
ADANIENT,2017-05-16,LONG,10:30:00,11:50:00,122.0,122.83428571428571,0.68,SL/Trail
ADANIENT,2017-05-31,LONG,10:10:00,10:15:00,117.25,118.2,0.81,SL/Trail
ADANIENT,2017-07-17,LONG,09:45:00,09:50:00,139.25,139.5,0.18,SL/Trail
ADANIENT,2017-09-21,LONG,10:20:00,10:25:00,126.0,129.4,2.7,SL/Trail
ADANIENT,2017-09-28,SHORT,10:20:00,10:25:00,116.15,115.9,0.22,SL/Trail
ADANIENT,2017-11-07,LONG,10:05:00,10:10:00,145.9,150.0,2.81,SL/Trail
ADANIENT,2017-12-04,SHORT,10:15:00,10:20:00,144.0,143.55,0.31,SL/Trail
ADANIENT,2017-12-05,SHORT,10:30:00,11:05:00,141.75,141.4335714285714,0.22,SL/Trail
ADANIENT,2017-12-20,LONG,10:15:00,10:20:00,159.2,159.0,-0.13,SL/Trail
ADANIENT,2017-12-21,LONG,10:05:00,10:10:00,160.8,161.25,0.28,SL/Trail
ADANIENT,2018-01-08,LONG,10:30:00,10:55:00,197.5,196.10214285714287,-0.71,SL/Trail
ADANIENT,2018-01-22,LONG,10:25:00,10:35:00,198.1,197.6,-0.25,SL/Trail
ADANIENT,2018-01-24,LONG,10:25:00,10:30:00,200.7,202.15,0.72,SL/Trail
ADANIENT,2018-04-12,LONG,10:20:00,10:25:00,143.7,144.35,0.45,SL/Trail
ADANIENT,2018-06-19,LONG,10:30:00,11:00:00,133.35,132.63500000000002,-0.54,SL/Trail
ADANIENT,2018-07-03,SHORT,09:45:00,09:50:00,107.1,105.0,1.96,SL/Trail
ADANIENT,2018-07-16,LONG,10:25:00,11:00:00,130.9,130.25214285714284,-0.49,SL/Trail
ADANIENT,2018-08-30,LONG,10:20:00,11:15:00,221.75,224.50714285714287,1.24,SL/Trail
ADANIENT,2018-09-19,SHORT,10:30:00,11:10:00,149.5,148.40642857142856,0.73,SL/Trail
ADANIENT,2018-09-26,SHORT,09:20:00,12:20:00,139.6,134.97142857142856,3.32,SL/Trail
ADANIENT,2018-11-06,LONG,10:10:00,10:15:00,165.8,166.6,0.48,SL/Trail
ADANIENT,2018-12-21,LONG,10:15:00,10:20:00,157.1,159.2,1.34,SL/Trail
ADANIENT,2019-01-01,LONG,10:30:00,11:10:00,161.15,160.9,-0.16,SL/Trail
ADANIENT,2019-02-12,LONG,09:50:00,11:05:00,116.8,116.98,0.15,SL/Trail
ADANIENT,2019-03-18,LONG,10:20:00,10:25:00,141.65,141.75,0.07,SL/Trail
ADANIENT,2019-03-22,LONG,10:30:00,10:35:00,138.7,139.55,0.61,SL/Trail
ADANIENT,2019-04-08,LONG,10:30:00,10:35:00,146.8,147.25,0.31,SL/Trail
ADANIENT,2019-04-22,LONG,09:55:00,10:00:00,136.2,136.1,-0.07,SL/Trail
ADANIENT,2019-05-13,SHORT,10:25:00,11:00:00,119.85,119.88428571428571,-0.03,SL/Trail
ADANIENT,2019-07-02,LONG,10:15:00,10:20:00,153.45,154.0,0.36,SL/Trail
ADANIENT,2019-08-07,SHORT,10:05:00,10:10:00,128.9,128.8,0.08,SL/Trail
ADANIENT,2019-08-08,SHORT,10:30:00,10:35:00,127.4,127.2,0.16,SL/Trail
ADANIENT,2019-08-28,LONG,09:50:00,09:55:00,135.7,135.5,-0.15,SL/Trail
ADANIENT,2019-09-12,LONG,10:25:00,10:30:00,144.1,143.95,-0.1,SL/Trail
ADANIENT,2019-09-25,LONG,10:25:00,10:30:00,148.35,148.15,-0.13,SL/Trail
ADANIENT,2019-10-01,LONG,10:10:00,10:15:00,145.2,146.05,0.59,SL/Trail
ADANIENT,2019-11-13,LONG,10:05:00,10:10:00,198.6,207.1,4.28,SL/Trail
ADANIENT,2019-11-26,LONG,10:15:00,10:20:00,210.7,214.7,1.9,SL/Trail
ADANIENT,2019-12-24,LONG,10:20:00,11:00:00,214.05,213.45,-0.28,SL/Trail
ADANIENT,2019-12-26,LONG,10:10:00,10:15:00,207.05,208.0,0.46,SL/Trail
ADANIENT,2020-01-21,LONG,10:30:00,10:35:00,222.75,224.0,0.56,SL/Trail
ADANIENT,2020-02-25,SHORT,10:30:00,11:05:00,245.9,246.86857142857144,-0.39,SL/Trail
ADANIENT,2020-03-02,SHORT,09:55:00,10:00:00,224.5,225.0,-0.22,SL/Trail
ADANIENT,2020-03-16,SHORT,10:25:00,10:30:00,140.3,141.0,-0.5,SL/Trail
ADANIENT,2020-05-14,LONG,10:30:00,11:00:00,139.55,139.37428571428575,-0.13,SL/Trail
ADANIENT,2020-05-15,SHORT,09:55:00,10:00:00,142.6,142.0,0.42,SL/Trail
ADANIENT,2020-06-02,LONG,10:25:00,11:10:00,149.8,150.01857142857145,0.15,SL/Trail
ADANIENT,2020-06-19,LONG,10:20:00,10:25:00,149.3,149.2,-0.07,SL/Trail
ADANIENT,2020-06-30,LONG,10:25:00,10:30:00,160.4,160.5,0.06,SL/Trail
ADANIENT,2020-07-02,LONG,10:30:00,10:35:00,157.65,159.0,0.86,SL/Trail
ADANIENT,2020-09-22,SHORT,10:30:00,11:25:00,275.4,275.4257142857143,-0.01,SL/Trail
ADANIENT,2020-09-23,SHORT,10:15:00,10:20:00,293.7,286.75,2.37,SL/Trail
ADANIENT,2020-11-02,SHORT,10:20:00,10:25:00,341.3,339.1,0.64,SL/Trail
ADANIENT,2020-11-04,LONG,10:20:00,10:30:00,343.8,342.6,-0.35,SL/Trail
ADANIENT,2020-11-09,LONG,10:20:00,10:45:00,353.7,352.3,-0.4,SL/Trail
ADANIENT,2020-11-11,LONG,10:25:00,10:30:00,358.35,358.05,-0.08,SL/Trail
ADANIENT,2020-12-04,LONG,10:25:00,10:50:00,450.5,449.0,-0.33,SL/Trail
ADANIENT,2020-12-10,LONG,10:15:00,10:20:00,441.7,444.4,0.61,SL/Trail
ADANIENT,2021-01-04,LONG,10:25:00,10:50:00,494.7,492.0307142857143,-0.54,SL/Trail
ADANIENT,2021-01-12,LONG,10:25:00,11:05:00,526.65,528.3321428571429,0.32,SL/Trail
ADANIENT,2021-03-18,SHORT,09:55:00,10:00:00,883.0,881.3,0.19,SL/Trail
ADANIENT,2021-03-19,SHORT,10:15:00,10:25:00,861.9,866.0,-0.48,SL/Trail
ADANIENT,2021-04-01,SHORT,10:20:00,10:25:00,1049.5,1048.6,0.09,SL/Trail
ADANIENT,2021-04-28,LONG,10:25:00,10:30:00,1194.2,1203.0,0.74,SL/Trail
ADANIENT,2021-06-01,LONG,10:05:00,10:15:00,1318.65,1313.25,-0.41,SL/Trail
ADANIENT,2021-06-29,LONG,10:20:00,10:25:00,1531.45,1526.0,-0.36,SL/Trail
ADANIENT,2021-08-09,LONG,10:25:00,10:30:00,1527.75,1530.4,0.17,SL/Trail
ADANIENT,2021-08-16,LONG,09:50:00,09:55:00,1419.3,1426.25,0.49,SL/Trail
ADANIENT,2021-08-25,LONG,10:20:00,10:25:00,1432.75,1437.05,0.3,SL/Trail
ADANIENT,2021-08-27,LONG,10:20:00,11:35:00,1480.0,1487.422142857143,0.5,SL/Trail
ADANIENT,2021-09-30,LONG,10:25:00,11:40:00,1486.15,1490.3457142857144,0.28,SL/Trail
ADANIENT,2021-10-13,LONG,10:10:00,10:15:00,1560.95,1558.0,-0.19,SL/Trail
ADANIENT,2021-10-19,LONG,10:10:00,10:15:00,1599.4,1620.0,1.29,SL/Trail
ADANIENT,2021-11-12,SHORT,09:40:00,10:10:00,1682.15,1682.5,-0.02,SL/Trail
ADANIENT,2021-11-25,SHORT,10:20:00,10:25:00,1768.4,1762.95,0.31,SL/Trail
ADANIENT,2021-12-13,LONG,10:25:00,10:30:00,1746.45,1745.65,-0.05,SL/Trail
ADANIENT,2021-12-21,SHORT,10:20:00,10:25:00,1632.05,1625.0,0.43,SL/Trail
ADANIENT,2022-01-05,LONG,10:10:00,10:15:00,1717.0,1719.35,0.14,SL/Trail
ADANIENT,2022-01-28,SHORT,09:50:00,09:55:00,1722.0,1704.4,1.02,SL/Trail
ADANIENT,2022-04-18,LONG,10:20:00,10:25:00,2163.4,2169.65,0.29,SL/Trail
ADANIENT,2022-05-09,SHORT,10:30:00,11:30:00,2209.95,2210.8992857142857,-0.04,SL/Trail
ADANIENT,2022-06-24,SHORT,10:00:00,10:05:00,2134.25,2133.9,0.02,SL/Trail
ADANIENT,2022-07-22,LONG,10:05:00,10:10:00,2490.4,2496.9,0.26,SL/Trail
ADANIENT,2022-09-09,LONG,10:25:00,11:00:00,3480.0,3477.4735714285716,-0.07,SL/Trail
ADANIENT,2022-09-16,LONG,09:55:00,11:15:00,3762.55,3769.9485714285715,0.2,SL/Trail
ADANIENT,2022-09-21,LONG,10:10:00,10:15:00,3782.5,3830.45,1.27,SL/Trail
ADANIENT,2022-10-17,SHORT,10:20:00,10:40:00,3194.55,3211.259285714286,-0.52,SL/Trail
ADANIENT,2022-10-25,LONG,10:25:00,10:30:00,3306.0,3309.9,0.12,SL/Trail
ADANIENT,2022-10-27,LONG,10:20:00,10:40:00,3315.45,3307.882857142857,-0.23,SL/Trail
ADANIENT,2023-01-19,LONG,10:00:00,10:05:00,3456.1,3470.0,0.4,SL/Trail
ADANIENT,2023-01-31,SHORT,10:30:00,10:35:00,3011.65,3033.0,-0.71,SL/Trail
ADANIENT,2023-02-21,SHORT,10:15:00,11:30:00,1634.9,1608.6464285714287,1.61,SL/Trail
ADANIENT,2023-04-19,LONG,10:20:00,12:05:00,1839.5,1857.495,0.98,SL/Trail
ADANIENT,2023-07-17,LONG,10:20:00,11:10:00,2421.4,2411.7385714285715,-0.4,SL/Trail
ADANIENT,2023-08-04,SHORT,10:20:00,11:40:00,2536.1,2527.2535714285714,0.35,SL/Trail
ADANIENT,2023-08-11,SHORT,10:20:00,10:30:00,2550.0,2553.8,-0.15,SL/Trail
ADANIENT,2023-08-18,SHORT,10:00:00,10:15:00,2481.05,2489.0,-0.32,SL/Trail
ADANIENT,2023-09-13,LONG,10:20:00,10:25:00,2508.7,2515.0,0.25,SL/Trail
ADANIENT,2023-11-10,LONG,10:05:00,10:10:00,2217.0,2219.95,0.13,SL/Trail
ADANIENT,2023-12-07,LONG,10:20:00,11:40:00,2871.0,2882.4471428571433,0.4,SL/Trail
ADANIENT,2024-03-01,LONG,10:10:00,10:15:00,3296.95,3295.0,-0.06,SL/Trail
ADANIENT,2024-04-04,LONG,10:15:00,10:50:00,3245.6,3240.0,-0.17,SL/Trail
ADANIENT,2024-05-14,SHORT,10:30:00,10:35:00,2926.35,2910.0,0.56,SL/Trail
ADANIENT,2024-06-03,SHORT,09:50:00,09:55:00,3710.0,3725.0,-0.4,SL/Trail
ADANIENT,2024-06-28,LONG,10:30:00,10:40:00,3187.9,3182.0,-0.19,SL/Trail
ADANIENT,2024-09-02,LONG,10:20:00,10:25:00,3008.05,3019.45,0.38,SL/Trail
ADANIENT,2024-09-25,LONG,10:10:00,10:15:00,3091.65,3091.0,-0.02,SL/Trail
ADANIENT,2024-10-03,LONG,10:20:00,10:50:00,3158.0,3153.724285714286,-0.14,SL/Trail
ADANIENT,2024-10-04,SHORT,10:10:00,10:15:00,3122.0,3123.0,-0.03,SL/Trail
ADANIENT,2024-10-24,SHORT,10:20:00,11:25:00,2846.75,2841.7221428571434,0.18,SL/Trail
ADANIENT,2024-10-31,SHORT,10:00:00,10:05:00,2975.15,2967.9,0.24,SL/Trail
ADANIENT,2024-11-26,LONG,10:05:00,10:10:00,2198.9,2236.0,1.69,SL/Trail
ADANIENT,2024-12-09,LONG,10:20:00,10:25:00,2496.95,2501.25,0.17,SL/Trail
ADANIENT,2024-12-13,LONG,10:30:00,10:35:00,2487.2,2494.05,0.28,SL/Trail
ADANIENT,2024-12-24,SHORT,10:10:00,10:15:00,2370.0,2359.65,0.44,SL/Trail
ADANIENT,2025-01-03,LONG,10:30:00,11:35:00,2590.5,2596.259285714286,0.22,SL/Trail
ADANIENT,2025-01-23,SHORT,10:20:00,10:25:00,2388.75,2383.0,0.24,SL/Trail
ADANIENT,2025-01-29,SHORT,10:00:00,10:05:00,2313.1,2308.95,0.18,SL/Trail
ADANIENT,2025-02-24,SHORT,10:25:00,10:35:00,2121.0,2128.95,-0.37,SL/Trail
ADANIENT,2025-02-28,SHORT,10:30:00,10:40:00,2090.85,2105.725,-0.71,SL/Trail
ADANIENT,2025-04-16,LONG,10:30:00,10:55:00,2405.4,2398.1,-0.3,SL/Trail
ADANIENT,2025-06-12,LONG,10:00:00,10:05:00,2571.8,2572.4,0.02,SL/Trail
ADANIENT,2025-06-20,SHORT,10:30:00,10:35:00,2455.0,2443.9,0.45,SL/Trail
ADANIENT,2025-07-01,LONG,10:15:00,10:20:00,2624.0,2623.1,-0.03,SL/Trail
ADANIENT,2025-07-02,LONG,10:05:00,10:10:00,2619.4,2625.5,0.23,SL/Trail
ADANIENT,2025-07-10,LONG,10:15:00,10:40:00,2590.9,2584.7757142857145,-0.24,SL/Trail
CHOLAFIN,2015-02-24,LONG,10:25:00,10:35:00,116.05,116.0,-0.04,SL/Trail
CHOLAFIN,2015-04-07,LONG,09:20:00,09:30:00,119.2,119.02857142857142,-0.14,SL/Trail
CHOLAFIN,2015-05-18,SHORT,10:30:00,11:30:00,116.4,116.47,-0.06,SL/Trail
CHOLAFIN,2015-05-25,LONG,09:25:00,10:20:00,118.4,118.73214285714286,0.28,SL/Trail
CHOLAFIN,2015-06-19,LONG,10:05:00,10:35:00,122.25,122.49214285714285,0.2,SL/Trail
CHOLAFIN,2015-07-02,LONG,09:25:00,09:35:00,127.75,127.86214285714289,0.09,SL/Trail
CHOLAFIN,2015-07-30,SHORT,10:20:00,10:25:00,136.6,136.2,0.29,SL/Trail
CHOLAFIN,2015-08-18,LONG,10:20:00,10:45:00,130.15,131.55785714285716,1.08,SL/Trail
CHOLAFIN,2015-08-25,SHORT,10:25:00,11:00:00,120.0,119.52,0.4,SL/Trail
CHOLAFIN,2015-09-09,SHORT,09:55:00,10:15:00,123.35,123.6,-0.2,SL/Trail
CHOLAFIN,2015-09-14,SHORT,10:15:00,10:25:00,126.0,125.08,0.73,SL/Trail
CHOLAFIN,2015-09-16,SHORT,10:30:00,11:15:00,126.1,125.95,0.12,SL/Trail
CHOLAFIN,2015-09-23,SHORT,10:30:00,10:35:00,123.4,122.0,1.13,SL/Trail
CHOLAFIN,2015-10-20,LONG,10:00:00,10:05:00,120.6,122.4,1.49,SL/Trail
CHOLAFIN,2015-11-19,SHORT,09:25:00,09:45:00,121.0,121.00785714285715,-0.01,SL/Trail
CHOLAFIN,2015-11-24,SHORT,10:15:00,10:20:00,127.2,126.5,0.55,SL/Trail
CHOLAFIN,2015-12-17,SHORT,09:45:00,10:20:00,128.0,127.88214285714287,0.09,SL/Trail
CHOLAFIN,2016-01-13,SHORT,10:00:00,10:05:00,129.4,128.95,0.35,SL/Trail
CHOLAFIN,2016-01-21,SHORT,10:30:00,10:35:00,121.5,121.8,-0.25,SL/Trail
CHOLAFIN,2016-02-05,SHORT,09:45:00,10:45:00,135.1,134.86142857142858,0.18,SL/Trail
CHOLAFIN,2016-02-26,SHORT,09:40:00,09:55:00,128.1,128.64714285714285,-0.43,SL/Trail
CHOLAFIN,2016-03-17,LONG,10:30:00,10:55:00,131.5,131.2,-0.23,SL/Trail
CHOLAFIN,2016-05-06,SHORT,10:15:00,10:25:00,176.4,177.525,-0.64,SL/Trail
CHOLAFIN,2016-07-07,LONG,10:10:00,10:40:00,191.5,192.37714285714284,0.46,SL/Trail
CHOLAFIN,2016-07-12,LONG,10:15:00,10:20:00,190.0,191.45,0.76,SL/Trail
CHOLAFIN,2016-07-14,LONG,10:15:00,10:20:00,192.0,191.8,-0.1,SL/Trail
CHOLAFIN,2016-08-10,LONG,10:20:00,10:25:00,226.2,225.95,-0.11,SL/Trail
CHOLAFIN,2016-08-23,LONG,10:30:00,10:35:00,218.15,222.05,1.79,SL/Trail
CHOLAFIN,2016-09-02,LONG,10:25:00,10:55:00,239.8,237.31214285714287,-1.04,SL/Trail
CHOLAFIN,2016-09-23,LONG,10:15:00,10:20:00,221.6,223.6,0.9,SL/Trail
CHOLAFIN,2016-09-27,SHORT,09:55:00,10:00:00,232.55,228.9,1.57,SL/Trail
CHOLAFIN,2016-10-03,SHORT,09:20:00,10:30:00,234.4,234.30357142857144,0.04,SL/Trail
CHOLAFIN,2016-11-16,SHORT,10:25:00,10:30:00,194.65,189.6,2.59,SL/Trail
CHOLAFIN,2016-12-08,SHORT,10:10:00,10:25:00,179.2,179.4,-0.11,SL/Trail
CHOLAFIN,2016-12-27,SHORT,10:25:00,10:40:00,188.4,189.0,-0.32,SL/Trail
CHOLAFIN,2017-01-30,LONG,10:05:00,10:10:00,206.55,208.0,0.7,SL/Trail
CHOLAFIN,2017-02-08,LONG,10:00:00,10:05:00,208.0,208.25,0.12,SL/Trail
CHOLAFIN,2017-04-06,LONG,10:30:00,10:40:00,198.9,198.02928571428572,-0.44,SL/Trail
CHOLAFIN,2017-04-18,SHORT,10:25:00,10:55:00,210.0,210.25,-0.12,SL/Trail
CHOLAFIN,2017-04-27,LONG,10:15:00,10:20:00,224.0,227.15,1.41,SL/Trail
CHOLAFIN,2017-05-16,LONG,10:05:00,10:10:00,207.6,209.4,0.87,SL/Trail
CHOLAFIN,2017-06-27,SHORT,10:30:00,10:35:00,214.95,215.2,-0.12,SL/Trail
CHOLAFIN,2017-07-03,SHORT,10:25:00,10:30:00,225.05,225.1,-0.02,SL/Trail
CHOLAFIN,2017-07-21,LONG,10:20:00,11:10:00,229.1,229.1092857142857,0.0,SL/Trail
CHOLAFIN,2017-08-03,LONG,10:20:00,11:00:00,234.25,233.34071428571428,-0.39,SL/Trail
CHOLAFIN,2017-09-19,LONG,10:05:00,10:50:00,233.1,234.4307142857143,0.57,SL/Trail
CHOLAFIN,2017-12-08,SHORT,10:30:00,10:40:00,259.7,259.29,0.16,SL/Trail
CHOLAFIN,2018-02-05,SHORT,10:20:00,10:25:00,250.15,249.0,0.46,SL/Trail
CHOLAFIN,2018-02-20,SHORT,10:20:00,11:05:00,270.8,265.82428571428574,1.84,SL/Trail
CHOLAFIN,2018-03-20,SHORT,10:10:00,10:15:00,290.2,286.5,1.27,SL/Trail
CHOLAFIN,2018-04-26,LONG,10:00:00,10:25:00,336.15,335.5,-0.19,SL/Trail
CHOLAFIN,2018-05-14,LONG,10:15:00,10:20:00,317.05,318.75,0.54,SL/Trail
CHOLAFIN,2018-05-25,SHORT,10:30:00,10:35:00,300.95,300.35,0.2,SL/Trail
CHOLAFIN,2018-06-06,SHORT,09:55:00,10:00:00,312.0,309.9,0.67,SL/Trail
CHOLAFIN,2018-06-20,SHORT,10:30:00,10:35:00,326.95,324.45,0.76,SL/Trail
CHOLAFIN,2018-06-21,LONG,10:20:00,10:25:00,325.2,328.35,0.97,SL/Trail
CHOLAFIN,2018-06-26,LONG,10:30:00,10:45:00,323.1,321.6414285714286,-0.45,SL/Trail
CHOLAFIN,2018-08-01,LONG,10:30:00,10:50:00,289.95,288.32214285714286,-0.56,SL/Trail
CHOLAFIN,2018-08-02,LONG,10:05:00,10:10:00,289.6,290.7,0.38,SL/Trail
CHOLAFIN,2018-08-17,LONG,10:25:00,10:30:00,292.55,292.6,0.02,SL/Trail
CHOLAFIN,2018-09-25,SHORT,10:25:00,10:30:00,237.75,237.35,0.17,SL/Trail
CHOLAFIN,2018-10-01,SHORT,09:55:00,10:00:00,234.8,233.2,0.68,SL/Trail
CHOLAFIN,2018-10-16,SHORT,10:25:00,10:35:00,238.05,238.75,-0.29,SL/Trail
CHOLAFIN,2018-11-26,SHORT,10:25:00,10:50:00,262.95,263.3,-0.13,SL/Trail
CHOLAFIN,2018-11-28,LONG,10:30:00,10:35:00,261.9,262.1,0.08,SL/Trail
CHOLAFIN,2018-12-21,LONG,10:30:00,10:35:00,248.9,250.0,0.44,SL/Trail
CHOLAFIN,2019-01-14,LONG,10:30:00,10:35:00,235.15,235.6,0.19,SL/Trail
CHOLAFIN,2019-03-06,LONG,10:25:00,12:20:00,261.45,261.05785714285713,-0.15,SL/Trail
CHOLAFIN,2019-03-13,LONG,10:20:00,10:25:00,269.85,271.8,0.72,SL/Trail
CHOLAFIN,2019-04-11,LONG,10:25:00,11:55:00,293.45,295.5271428571429,0.71,SL/Trail
CHOLAFIN,2019-04-23,LONG,10:15:00,10:20:00,281.6,283.25,0.59,SL/Trail
CHOLAFIN,2019-05-09,SHORT,10:15:00,10:20:00,256.15,255.4,0.29,SL/Trail
CHOLAFIN,2019-07-29,SHORT,10:20:00,10:25:00,248.9,248.8,0.04,SL/Trail
CHOLAFIN,2019-08-05,SHORT,10:20:00,10:30:00,263.0,263.75,-0.29,SL/Trail
CHOLAFIN,2019-08-22,SHORT,10:10:00,10:15:00,257.75,256.8,0.37,SL/Trail
CHOLAFIN,2019-08-27,LONG,10:15:00,10:20:00,271.35,270.65,-0.26,SL/Trail
CHOLAFIN,2019-09-11,LONG,10:15:00,10:35:00,274.85,273.4757142857143,-0.5,SL/Trail
CHOLAFIN,2019-09-17,LONG,10:20:00,10:40:00,273.4,272.385,-0.37,SL/Trail
CHOLAFIN,2019-09-25,LONG,10:00:00,10:05:00,300.0,302.5,0.83,SL/Trail
CHOLAFIN,2019-10-03,LONG,10:15:00,10:20:00,290.0,293.05,1.05,SL/Trail
CHOLAFIN,2019-10-14,LONG,10:20:00,11:00:00,286.3,286.60499999999996,0.11,SL/Trail
CHOLAFIN,2019-10-22,LONG,10:30:00,11:30:00,302.0,301.99928571428575,-0.0,SL/Trail
CHOLAFIN,2019-10-23,LONG,10:15:00,10:20:00,290.2,293.8,1.24,SL/Trail
CHOLAFIN,2019-11-01,LONG,10:20:00,10:25:00,304.6,305.0,0.13,SL/Trail
CHOLAFIN,2019-11-26,LONG,10:15:00,10:20:00,313.3,318.05,1.52,SL/Trail
CHOLAFIN,2019-12-09,SHORT,10:10:00,10:15:00,301.15,301.7,-0.18,SL/Trail
CHOLAFIN,2020-01-17,LONG,09:45:00,09:50:00,324.75,325.0,0.08,SL/Trail
CHOLAFIN,2020-01-23,SHORT,09:55:00,10:00:00,320.6,318.75,0.58,SL/Trail
CHOLAFIN,2020-02-25,SHORT,10:30:00,11:05:00,323.9,324.94428571428574,-0.32,SL/Trail
CHOLAFIN,2020-03-17,SHORT,09:55:00,10:00:00,238.85,234.7,1.74,SL/Trail
CHOLAFIN,2020-04-01,SHORT,10:25:00,11:25:00,149.5,145.93285714285713,2.39,SL/Trail
CHOLAFIN,2020-04-15,SHORT,10:10:00,10:15:00,158.1,155.0,1.96,SL/Trail
CHOLAFIN,2020-05-15,SHORT,09:50:00,11:30:00,149.9,147.97857142857143,1.28,SL/Trail
CHOLAFIN,2020-05-27,SHORT,10:30:00,10:35:00,124.5,123.55,0.76,SL/Trail
CHOLAFIN,2020-07-24,LONG,10:30:00,10:35:00,214.8,216.65,0.86,SL/Trail
CHOLAFIN,2020-08-04,SHORT,10:30:00,11:05:00,203.45,204.40285714285713,-0.47,SL/Trail
CHOLAFIN,2020-09-22,SHORT,10:30:00,11:25:00,230.3,231.44785714285715,-0.5,SL/Trail
CHOLAFIN,2020-10-12,LONG,10:20:00,10:25:00,247.45,253.4,2.4,SL/Trail
CHOLAFIN,2020-10-28,LONG,10:15:00,10:20:00,245.9,246.5,0.24,SL/Trail
CHOLAFIN,2020-11-13,LONG,09:55:00,10:00:00,312.05,312.35,0.1,SL/Trail
CHOLAFIN,2020-12-03,LONG,09:55:00,10:00:00,374.95,375.0,0.01,SL/Trail
CHOLAFIN,2021-01-21,LONG,10:00:00,10:05:00,448.85,458.1,2.06,SL/Trail
CHOLAFIN,2021-02-03,LONG,10:15:00,10:30:00,445.0,443.05,-0.44,SL/Trail
CHOLAFIN,2021-02-08,LONG,10:25:00,11:10:00,459.35,460.1414285714286,0.17,SL/Trail
CHOLAFIN,2021-02-22,LONG,10:05:00,10:10:00,526.65,532.0,1.02,SL/Trail
CHOLAFIN,2021-03-08,LONG,10:30:00,10:35:00,530.25,529.65,-0.11,SL/Trail
CHOLAFIN,2021-03-16,SHORT,10:30:00,10:35:00,540.5,539.7,0.15,SL/Trail
CHOLAFIN,2021-03-19,SHORT,10:15:00,10:20:00,532.0,528.9,0.58,SL/Trail
CHOLAFIN,2021-04-23,SHORT,10:30:00,10:35:00,554.8,553.3,0.27,SL/Trail
CHOLAFIN,2021-04-29,LONG,10:20:00,10:25:00,580.4,585.95,0.96,SL/Trail
CHOLAFIN,2021-06-11,LONG,10:20:00,10:35:00,568.35,566.0,-0.41,SL/Trail
CHOLAFIN,2021-06-16,LONG,09:55:00,10:00:00,565.25,566.0,0.13,SL/Trail
CHOLAFIN,2021-06-25,LONG,10:30:00,10:40:00,532.15,531.1,-0.2,SL/Trail
CHOLAFIN,2021-06-29,LONG,10:05:00,10:10:00,520.95,521.0,0.01,SL/Trail
CHOLAFIN,2021-08-10,LONG,10:10:00,10:15:00,517.6,518.3,0.14,SL/Trail
CHOLAFIN,2021-08-25,LONG,10:05:00,10:10:00,507.15,507.2,0.01,SL/Trail
CHOLAFIN,2021-08-27,LONG,10:00:00,10:05:00,524.5,528.25,0.71,SL/Trail
CHOLAFIN,2021-09-03,LONG,10:15:00,10:30:00,583.45,581.45,-0.34,SL/Trail
CHOLAFIN,2021-09-30,LONG,10:20:00,10:35:00,574.55,571.3035714285716,-0.57,SL/Trail
CHOLAFIN,2021-10-29,SHORT,09:55:00,10:00:00,611.05,609.0,0.34,SL/Trail
CHOLAFIN,2021-11-09,LONG,10:15:00,11:10:00,640.75,639.0857142857143,-0.26,SL/Trail
CHOLAFIN,2021-11-11,LONG,10:20:00,10:25:00,643.8,646.25,0.38,SL/Trail
CHOLAFIN,2021-11-29,SHORT,10:10:00,11:20:00,543.05,542.3142857142857,0.14,SL/Trail
CHOLAFIN,2022-01-18,LONG,10:20:00,11:50:00,611.0,619.5278571428571,1.4,SL/Trail
CHOLAFIN,2022-03-09,SHORT,10:25:00,11:50:00,621.85,617.4342857142857,0.71,SL/Trail
CHOLAFIN,2022-04-18,LONG,10:30:00,10:55:00,717.7,714.835,-0.4,SL/Trail
CHOLAFIN,2022-06-15,SHORT,10:30:00,10:35:00,626.55,628.45,-0.3,SL/Trail
CHOLAFIN,2022-07-11,LONG,10:25:00,11:05:00,634.1,632.3835714285714,-0.27,SL/Trail
CHOLAFIN,2022-07-13,LONG,10:20:00,10:35:00,622.0,621.1,-0.14,SL/Trail
CHOLAFIN,2022-09-06,LONG,10:25:00,10:30:00,799.6,800.05,0.06,SL/Trail
CHOLAFIN,2022-09-15,LONG,10:10:00,10:35:00,797.5,795.65,-0.23,SL/Trail
CHOLAFIN,2022-09-30,SHORT,10:25:00,10:30:00,727.65,729.4,-0.24,SL/Trail
CHOLAFIN,2022-11-03,LONG,10:25:00,10:45:00,744.05,740.5714285714286,-0.47,SL/Trail
CHOLAFIN,2022-11-22,LONG,10:25:00,12:25:00,712.35,716.0357142857142,0.52,SL/Trail
CHOLAFIN,2023-01-10,SHORT,10:25:00,12:00:00,676.6,671.162142857143,0.8,SL/Trail
CHOLAFIN,2023-02-23,SHORT,10:25:00,11:40:00,761.1,755.6614285714286,0.71,SL/Trail
CHOLAFIN,2023-03-14,SHORT,09:50:00,09:55:00,745.4,738.95,0.87,SL/Trail
CHOLAFIN,2023-04-25,LONG,10:30:00,11:05:00,840.0,839.6521428571428,-0.04,SL/Trail
CHOLAFIN,2023-04-26,LONG,10:00:00,10:05:00,836.95,838.6,0.2,SL/Trail
CHOLAFIN,2023-05-04,LONG,10:25:00,11:00:00,945.0,948.1264285714285,0.33,SL/Trail
CHOLAFIN,2023-05-09,LONG,10:25:00,10:55:00,999.25,998.755,-0.05,SL/Trail
CHOLAFIN,2023-06-27,LONG,09:55:00,10:00:00,1075.0,1075.15,0.01,SL/Trail
CHOLAFIN,2023-06-30,LONG,10:30:00,10:55:00,1129.3,1127.2050000000002,-0.19,SL/Trail
CHOLAFIN,2023-07-21,LONG,10:25:00,10:45:00,1150.0,1145.75,-0.37,SL/Trail
CHOLAFIN,2023-07-25,LONG,10:20:00,10:25:00,1136.65,1142.45,0.51,SL/Trail
CHOLAFIN,2023-09-01,SHORT,10:25:00,11:20:00,1123.35,1125.2685714285715,-0.17,SL/Trail
CHOLAFIN,2023-09-13,LONG,10:20:00,10:25:00,1136.0,1142.1,0.54,SL/Trail
CHOLAFIN,2023-09-29,SHORT,10:25:00,10:40:00,1217.1,1226.0707142857143,-0.74,SL/Trail
CHOLAFIN,2023-11-03,SHORT,10:15:00,11:20:00,1205.4,1178.7414285714285,2.21,SL/Trail
CHOLAFIN,2023-11-15,LONG,10:20:00,10:25:00,1157.8,1158.3,0.04,SL/Trail
CHOLAFIN,2023-11-20,LONG,10:25:00,10:50:00,1124.6,1130.0957142857144,0.49,SL/Trail
CHOLAFIN,2023-11-24,LONG,10:05:00,10:10:00,1114.95,1114.0,-0.09,SL/Trail
CHOLAFIN,2023-11-29,LONG,10:20:00,10:30:00,1112.5,1107.4135714285715,-0.46,SL/Trail
CHOLAFIN,2023-12-26,LONG,10:30:00,11:35:00,1245.65,1241.557142857143,-0.33,SL/Trail
CHOLAFIN,2024-02-16,LONG,10:30:00,11:00:00,1127.85,1127.215,-0.06,SL/Trail
CHOLAFIN,2024-03-05,LONG,10:20:00,10:25:00,1070.0,1076.0,0.56,SL/Trail
CHOLAFIN,2024-03-11,LONG,10:30:00,10:50:00,1095.5,1088.8892857142857,-0.6,SL/Trail
CHOLAFIN,2024-05-16,SHORT,10:30:00,10:35:00,1249.9,1248.6,0.1,SL/Trail
CHOLAFIN,2024-10-31,SHORT,10:25:00,13:00:00,1277.6,1265.7350000000001,0.93,SL/Trail
CHOLAFIN,2024-11-14,SHORT,10:15:00,10:20:00,1209.0,1205.85,0.26,SL/Trail
CHOLAFIN,2024-12-03,LONG,10:30:00,10:55:00,1269.45,1263.1635714285715,-0.5,SL/Trail
CHOLAFIN,2024-12-04,LONG,10:30:00,11:10:00,1263.55,1264.3521428571428,0.06,SL/Trail
CHOLAFIN,2025-02-20,SHORT,10:30:00,10:35:00,1375.4,1373.4,0.15,SL/Trail
CHOLAFIN,2025-03-24,LONG,10:30:00,10:50:00,1561.75,1556.7907142857143,-0.32,SL/Trail
CHOLAFIN,2025-04-04,LONG,10:05:00,10:10:00,1440.05,1440.1,0.0,SL/Trail
CHOLAFIN,2025-05-02,LONG,10:25:00,10:55:00,1487.6,1480.3885714285714,-0.48,SL/Trail
CHOLAFIN,2025-05-28,LONG,10:00:00,10:05:00,1655.8,1668.0,0.74,SL/Trail
CHOLAFIN,2025-06-19,LONG,10:20:00,10:25:00,1577.0,1579.7,0.17,SL/Trail
DLF,2015-02-06,LONG,10:10:00,10:35:00,167.0,166.6,-0.24,SL/Trail
DLF,2015-02-27,SHORT,10:15:00,10:20:00,151.1,148.9,1.46,SL/Trail
DLF,2015-05-04,SHORT,10:10:00,10:15:00,139.1,138.8,0.22,SL/Trail
DLF,2015-05-14,SHORT,10:00:00,10:05:00,125.4,124.55,0.68,SL/Trail
DLF,2015-05-27,SHORT,10:10:00,10:15:00,118.6,116.3,1.94,SL/Trail
DLF,2015-08-14,SHORT,09:45:00,09:50:00,118.1,117.15,0.8,SL/Trail
DLF,2015-08-25,SHORT,10:05:00,10:10:00,102.8,101.0,1.75,SL/Trail
DLF,2015-09-14,SHORT,10:30:00,10:35:00,125.7,125.05,0.52,SL/Trail
DLF,2015-09-24,SHORT,10:30:00,11:45:00,127.2,127.21428571428572,-0.01,SL/Trail
DLF,2015-09-30,SHORT,09:50:00,10:20:00,136.7,137.35,-0.48,SL/Trail
DLF,2015-12-29,LONG,10:15:00,10:20:00,115.25,115.5,0.22,SL/Trail
DLF,2016-01-05,SHORT,10:25:00,10:35:00,119.8,120.25,-0.38,SL/Trail
DLF,2016-01-19,SHORT,10:05:00,10:10:00,96.9,96.75,0.15,SL/Trail
DLF,2016-02-18,SHORT,09:20:00,09:45:00,89.35,90.23785714285714,-0.99,SL/Trail
DLF,2016-03-15,LONG,10:15:00,10:20:00,105.75,105.6,-0.14,SL/Trail
DLF,2016-03-29,LONG,10:25:00,10:50:00,106.9,106.5,-0.37,SL/Trail
DLF,2016-04-13,LONG,10:25:00,10:30:00,120.55,120.7,0.12,SL/Trail
DLF,2016-04-21,LONG,10:25:00,10:30:00,125.6,125.1,-0.4,SL/Trail
DLF,2016-05-30,LONG,10:25:00,10:45:00,129.75,128.57285714285715,-0.91,SL/Trail
DLF,2016-06-02,LONG,10:00:00,10:10:00,132.7,132.5,-0.15,SL/Trail
DLF,2016-06-09,LONG,10:05:00,10:10:00,136.4,136.7,0.22,SL/Trail
DLF,2016-06-24,LONG,10:00:00,10:05:00,128.95,130.35,1.09,SL/Trail
DLF,2016-07-27,LONG,10:20:00,10:25:00,160.85,160.85,0.0,SL/Trail
DLF,2016-08-10,LONG,10:20:00,10:25:00,166.55,167.15,0.36,SL/Trail
DLF,2016-09-29,SHORT,09:20:00,10:35:00,156.85,156.33999999999997,0.33,SL/Trail
DLF,2016-11-07,SHORT,10:20:00,10:25:00,143.2,142.25,0.66,SL/Trail
DLF,2016-12-06,SHORT,10:10:00,10:15:00,115.95,116.0,-0.04,SL/Trail
DLF,2016-12-14,LONG,10:30:00,11:20:00,113.5,113.7,0.18,SL/Trail
DLF,2017-02-23,LONG,10:25:00,11:10:00,146.45,146.11928571428572,-0.23,SL/Trail
DLF,2017-03-08,LONG,10:20:00,10:25:00,144.0,144.35,0.24,SL/Trail
DLF,2017-03-22,LONG,10:20:00,10:25:00,145.45,145.45,0.0,SL/Trail
DLF,2017-03-27,LONG,10:05:00,10:20:00,147.4,147.15,-0.17,SL/Trail
DLF,2017-04-12,LONG,10:05:00,10:10:00,157.0,159.8,1.78,SL/Trail
DLF,2017-04-26,LONG,10:10:00,10:15:00,193.55,194.75,0.62,SL/Trail
DLF,2017-04-27,LONG,10:05:00,10:10:00,185.85,187.95,1.13,SL/Trail
DLF,2017-05-29,LONG,10:15:00,10:20:00,181.9,186.05,2.28,SL/Trail
DLF,2017-05-30,LONG,10:30:00,10:35:00,173.0,173.5,0.29,SL/Trail
DLF,2017-06-19,LONG,10:05:00,10:10:00,191.6,193.35,0.91,SL/Trail
DLF,2017-06-29,SHORT,09:45:00,10:25:00,193.45,193.31214285714285,0.07,SL/Trail
DLF,2017-07-12,LONG,10:25:00,10:30:00,199.5,199.8,0.15,SL/Trail
DLF,2017-09-22,LONG,10:30:00,10:35:00,179.0,180.9,1.06,SL/Trail
DLF,2017-11-22,LONG,10:15:00,10:20:00,220.4,222.45,0.93,SL/Trail
DLF,2017-12-04,SHORT,10:00:00,10:05:00,231.15,229.2,0.84,SL/Trail
DLF,2018-02-15,SHORT,09:55:00,10:00:00,234.4,233.35,0.45,SL/Trail
DLF,2018-03-13,SHORT,10:10:00,10:15:00,218.65,217.1,0.71,SL/Trail
DLF,2018-03-15,SHORT,10:05:00,10:10:00,222.4,220.85,0.7,SL/Trail
DLF,2018-04-05,SHORT,09:40:00,09:55:00,203.15,203.7,-0.27,SL/Trail
DLF,2018-04-06,LONG,09:45:00,09:50:00,204.1,204.25,0.07,SL/Trail
DLF,2018-04-19,LONG,10:20:00,10:25:00,213.55,213.4,-0.07,SL/Trail
DLF,2018-04-20,LONG,10:00:00,10:05:00,211.55,213.2,0.78,SL/Trail
DLF,2018-05-08,LONG,10:30:00,11:05:00,215.3,214.9,-0.19,SL/Trail
DLF,2018-05-10,LONG,10:25:00,10:30:00,219.0,221.35,1.07,SL/Trail
DLF,2018-05-14,LONG,10:20:00,10:25:00,210.75,212.1,0.64,SL/Trail
DLF,2018-06-26,LONG,10:25:00,10:30:00,195.4,196.0,0.31,SL/Trail
DLF,2018-07-03,SHORT,09:45:00,09:50:00,184.85,184.35,0.27,SL/Trail
DLF,2018-08-10,LONG,10:00:00,10:05:00,198.4,199.4,0.5,SL/Trail
DLF,2018-08-30,LONG,09:55:00,10:00:00,216.25,217.25,0.46,SL/Trail
DLF,2018-08-31,LONG,10:30:00,10:35:00,218.2,219.0,0.37,SL/Trail
DLF,2018-09-19,SHORT,10:30:00,10:35:00,204.9,203.9,0.49,SL/Trail
DLF,2018-11-05,LONG,10:25:00,10:50:00,172.55,171.77928571428572,-0.45,SL/Trail
DLF,2018-11-12,LONG,10:00:00,10:05:00,173.1,174.35,0.72,SL/Trail
DLF,2018-12-31,LONG,10:20:00,10:25:00,177.85,178.0,0.08,SL/Trail
DLF,2019-01-07,SHORT,10:10:00,10:15:00,180.35,178.55,1.0,SL/Trail
DLF,2019-03-13,LONG,10:20:00,10:30:00,191.25,190.5,-0.39,SL/Trail
DLF,2019-03-15,LONG,10:25:00,10:30:00,199.5,200.7,0.6,SL/Trail
DLF,2019-04-11,LONG,09:45:00,09:50:00,178.8,180.5,0.95,SL/Trail
DLF,2019-04-18,LONG,10:30:00,10:35:00,180.15,182.95,1.55,SL/Trail
DLF,2019-04-25,LONG,10:20:00,10:25:00,175.55,176.0,0.26,SL/Trail
DLF,2019-06-10,LONG,10:15:00,10:20:00,191.2,191.0,-0.1,SL/Trail
DLF,2019-06-20,SHORT,10:20:00,10:25:00,179.6,177.5,1.17,SL/Trail
DLF,2019-07-23,SHORT,10:00:00,10:05:00,181.55,180.8,0.41,SL/Trail
DLF,2019-10-09,SHORT,10:20:00,11:20:00,141.5,141.62428571428572,-0.09,SL/Trail
DLF,2019-10-18,LONG,10:20:00,12:15:00,164.0,165.4957142857143,0.91,SL/Trail
DLF,2019-11-25,LONG,10:15:00,10:40:00,222.0,221.45,-0.25,SL/Trail
DLF,2019-12-19,LONG,09:50:00,10:00:00,226.35,225.85,-0.22,SL/Trail
DLF,2019-12-20,LONG,10:05:00,10:10:00,226.8,227.3,0.22,SL/Trail
DLF,2019-12-24,LONG,10:15:00,11:50:00,226.55,227.09071428571428,0.24,SL/Trail
DLF,2020-01-16,LONG,10:30:00,10:45:00,255.55,254.82857142857145,-0.28,SL/Trail
DLF,2020-02-06,LONG,10:20:00,10:25:00,247.15,246.7,-0.18,SL/Trail
DLF,2020-02-12,LONG,10:25:00,10:30:00,229.6,232.8,1.39,SL/Trail
DLF,2020-03-17,SHORT,10:05:00,10:10:00,152.25,151.3,0.62,SL/Trail
DLF,2020-05-13,SHORT,10:30:00,10:35:00,144.5,144.5,0.0,SL/Trail
DLF,2020-05-19,SHORT,10:30:00,10:40:00,133.95,134.5,-0.41,SL/Trail
DLF,2020-07-02,LONG,10:30:00,10:35:00,150.9,151.2,0.2,SL/Trail
DLF,2020-07-08,LONG,10:15:00,10:20:00,152.0,152.5,0.33,SL/Trail
DLF,2020-07-15,LONG,10:20:00,10:25:00,140.6,140.7,0.07,SL/Trail
DLF,2020-07-24,LONG,10:30:00,10:35:00,139.25,140.5,0.9,SL/Trail
DLF,2020-07-28,LONG,10:10:00,10:15:00,135.8,136.6,0.59,SL/Trail
DLF,2020-08-11,LONG,10:20:00,10:25:00,147.75,148.55,0.54,SL/Trail
DLF,2020-08-12,LONG,10:15:00,11:15:00,145.25,146.76500000000001,1.04,SL/Trail
DLF,2020-08-25,LONG,10:25:00,10:40:00,159.15,158.16857142857143,-0.62,SL/Trail
DLF,2020-08-26,LONG,10:05:00,10:10:00,157.1,156.7,-0.25,SL/Trail
DLF,2020-09-01,LONG,10:00:00,10:05:00,156.9,157.95,0.67,SL/Trail
DLF,2020-09-02,LONG,10:20:00,10:25:00,160.25,160.2,-0.03,SL/Trail
DLF,2020-09-10,SHORT,10:30:00,10:35:00,151.95,152.3,-0.23,SL/Trail
DLF,2020-09-15,LONG,10:10:00,10:15:00,155.8,155.75,-0.03,SL/Trail
DLF,2020-10-07,LONG,10:30:00,10:35:00,161.05,161.15,0.06,SL/Trail
DLF,2020-10-12,LONG,10:20:00,10:25:00,157.45,158.1,0.41,SL/Trail
DLF,2020-10-19,LONG,10:10:00,10:25:00,163.75,163.5,-0.15,SL/Trail
DLF,2020-11-02,SHORT,09:55:00,10:00:00,162.75,160.5,1.38,SL/Trail
DLF,2020-11-09,LONG,10:25:00,11:00:00,171.7,171.155,-0.32,SL/Trail
DLF,2021-01-04,LONG,10:15:00,10:25:00,237.65,237.45,-0.08,SL/Trail
DLF,2021-01-12,LONG,10:15:00,10:45:00,247.0,249.85285714285715,1.16,SL/Trail
DLF,2021-01-14,LONG,09:50:00,10:10:00,279.6,279.0,-0.21,SL/Trail
DLF,2021-01-29,SHORT,09:20:00,11:45:00,262.6,259.3071428571428,1.25,SL/Trail
DLF,2021-02-01,SHORT,10:20:00,10:30:00,262.25,262.8,-0.21,SL/Trail
DLF,2021-02-02,LONG,10:25:00,10:30:00,283.1,283.2,0.04,SL/Trail
DLF,2021-02-05,LONG,10:15:00,10:20:00,306.25,305.45,-0.26,SL/Trail
DLF,2021-04-16,SHORT,10:10:00,10:15:00,252.95,250.55,0.95,SL/Trail
DLF,2021-05-04,LONG,10:30:00,10:35:00,250.05,250.1,0.02,SL/Trail
DLF,2021-05-19,LONG,10:25:00,10:55:00,263.2,262.2942857142857,-0.34,SL/Trail
DLF,2021-05-25,LONG,10:20:00,10:30:00,281.2,280.05,-0.41,SL/Trail
DLF,2021-05-28,LONG,10:15:00,10:20:00,284.0,285.05,0.37,SL/Trail
DLF,2021-06-08,LONG,10:05:00,10:10:00,298.05,299.1,0.35,SL/Trail
DLF,2021-06-16,LONG,10:30:00,10:35:00,305.95,307.0,0.34,SL/Trail
DLF,2021-06-23,LONG,10:30:00,10:35:00,297.0,297.25,0.08,SL/Trail
DLF,2021-07-30,LONG,10:30:00,10:50:00,339.8,338.6157142857143,-0.35,SL/Trail
DLF,2021-08-25,LONG,09:55:00,10:00:00,313.6,314.8,0.38,SL/Trail
DLF,2021-09-03,LONG,10:30:00,11:10:00,342.15,341.95714285714286,-0.06,SL/Trail
DLF,2021-09-06,LONG,10:15:00,10:20:00,343.15,345.11642857142857,0.57,SL/Trail
DLF,2021-09-21,LONG,10:20:00,11:00:00,326.2,324.72499999999997,-0.45,SL/Trail
DLF,2021-10-01,LONG,10:00:00,10:05:00,414.55,415.2,0.16,SL/Trail
DLF,2021-10-13,LONG,10:15:00,10:20:00,431.55,430.3,-0.29,SL/Trail
DLF,2021-11-11,LONG,10:10:00,10:15:00,431.15,432.85,0.39,SL/Trail
DLF,2021-12-28,SHORT,10:30:00,10:35:00,387.4,387.0,0.1,SL/Trail
DLF,2022-01-10,LONG,10:30:00,11:25:00,407.5,406.7342857142857,-0.19,SL/Trail
DLF,2022-01-12,LONG,10:30:00,11:05:00,418.8,416.64,-0.52,SL/Trail
DLF,2022-01-18,LONG,10:30:00,10:35:00,423.0,424.7,0.4,SL/Trail
DLF,2022-02-11,LONG,10:05:00,10:10:00,380.8,383.7,0.76,SL/Trail
DLF,2022-02-14,SHORT,10:15:00,10:25:00,369.05,370.45,-0.38,SL/Trail
DLF,2022-03-08,SHORT,10:15:00,10:20:00,318.4,317.7,0.22,SL/Trail
DLF,2022-03-23,LONG,10:15:00,10:20:00,361.0,361.55,0.15,SL/Trail
DLF,2022-04-13,LONG,10:20:00,10:25:00,395.25,395.0,-0.06,SL/Trail
DLF,2022-04-18,LONG,10:30:00,11:05:00,383.7,383.14214285714286,-0.15,SL/Trail
DLF,2022-04-22,LONG,09:45:00,09:50:00,384.7,386.05,0.35,SL/Trail
DLF,2022-06-10,LONG,09:50:00,11:15:00,321.1,324.2285714285714,0.97,SL/Trail
DLF,2022-07-13,LONG,10:30:00,10:40:00,348.3,347.0,-0.37,SL/Trail
DLF,2022-07-29,LONG,10:25:00,10:45:00,388.7,387.22714285714284,-0.38,SL/Trail
DLF,2022-09-09,LONG,10:30:00,10:55:00,400.7,399.42785714285714,-0.32,SL/Trail
DLF,2022-10-17,SHORT,10:25:00,10:30:00,359.2,359.7,-0.14,SL/Trail
DLF,2022-10-25,LONG,10:20:00,10:25:00,368.0,368.0,0.0,SL/Trail
DLF,2022-11-04,LONG,10:10:00,10:15:00,385.35,385.2,-0.04,SL/Trail
DLF,2022-11-07,LONG,10:25:00,10:35:00,387.95,387.75,-0.05,SL/Trail
DLF,2022-11-15,LONG,09:55:00,10:00:00,404.85,406.05,0.3,SL/Trail
DLF,2022-11-23,LONG,10:25:00,10:30:00,391.9,392.25,0.09,SL/Trail
DLF,2022-12-08,LONG,10:20:00,10:25:00,406.65,406.8,0.04,SL/Trail
DLF,2022-12-09,LONG,10:25:00,10:30:00,406.0,405.75,-0.06,SL/Trail
DLF,2022-12-13,LONG,10:30:00,10:45:00,402.75,402.2,-0.14,SL/Trail
DLF,2022-12-28,SHORT,10:10:00,10:15:00,375.2,372.4,0.75,SL/Trail
DLF,2023-01-10,SHORT,10:20:00,10:25:00,374.15,373.9,0.07,SL/Trail
DLF,2023-01-31,SHORT,10:20:00,10:35:00,355.1,357.0,-0.54,SL/Trail
DLF,2023-02-23,SHORT,10:20:00,10:30:00,348.0,349.0,-0.29,SL/Trail
DLF,2023-03-02,SHORT,10:25:00,10:30:00,356.8,355.95,0.24,SL/Trail
DLF,2023-03-22,SHORT,09:50:00,09:55:00,370.05,369.75,0.08,SL/Trail
DLF,2023-03-28,SHORT,09:45:00,09:50:00,352.15,352.2,-0.01,SL/Trail
DLF,2023-04-20,LONG,10:15:00,10:20:00,417.5,421.0,0.84,SL/Trail
DLF,2023-05-16,LONG,10:25:00,10:40:00,473.95,470.99785714285713,-0.62,SL/Trail
DLF,2023-06-02,LONG,10:25:00,11:25:00,483.45,483.8885714285715,0.09,SL/Trail
DLF,2023-07-07,LONG,10:30:00,10:35:00,510.75,511.6,0.17,SL/Trail
DLF,2023-07-24,LONG,10:25:00,11:10:00,500.55,499.6557142857143,-0.18,SL/Trail
DLF,2023-08-09,LONG,10:25:00,10:30:00,484.9,485.75,0.18,SL/Trail
DLF,2023-08-31,SHORT,10:20:00,11:00:00,501.65,502.2571428571428,-0.12,SL/Trail
DLF,2023-09-01,SHORT,10:30:00,10:35:00,507.5,506.75,0.15,SL/Trail
DLF,2023-10-30,SHORT,10:30:00,10:35:00,540.2,538.6,0.3,SL/Trail
DLF,2023-11-10,LONG,10:05:00,11:50:00,597.2,601.6642857142857,0.75,SL/Trail
DLF,2023-11-24,LONG,10:15:00,10:20:00,635.7,636.2,0.08,SL/Trail
DLF,2023-11-28,LONG,10:15:00,10:20:00,622.75,623.75,0.16,SL/Trail
DLF,2023-12-12,LONG,10:15:00,10:20:00,663.95,667.1,0.47,SL/Trail
DLF,2023-12-18,LONG,10:15:00,10:20:00,700.6,700.5,-0.01,SL/Trail
DLF,2024-01-17,LONG,10:25:00,11:15:00,779.65,779.3207142857143,-0.04,SL/Trail
DLF,2024-03-06,LONG,10:05:00,10:10:00,918.8,926.9,0.88,SL/Trail
DLF,2024-03-21,SHORT,10:20:00,10:25:00,847.05,843.4,0.43,SL/Trail
DLF,2024-05-06,LONG,10:15:00,10:20:00,880.85,882.5,0.19,SL/Trail
DLF,2024-05-24,LONG,10:15:00,10:20:00,842.6,846.05,0.41,SL/Trail
DLF,2024-05-27,LONG,10:05:00,10:10:00,839.15,840.2,0.13,SL/Trail
DLF,2024-06-18,LONG,10:25:00,10:30:00,875.4,875.75,0.04,SL/Trail
DLF,2024-07-10,LONG,10:15:00,10:20:00,839.6,840.05,0.05,SL/Trail
DLF,2024-08-07,SHORT,10:30:00,12:15:00,842.55,841.6664285714286,0.1,SL/Trail
DLF,2024-09-10,LONG,10:25:00,10:30:00,825.35,827.9,0.31,SL/Trail
DLF,2024-09-11,LONG,10:20:00,10:25:00,825.1,826.0,0.11,SL/Trail
DLF,2024-09-16,LONG,10:20:00,10:45:00,870.0,866.6,-0.39,SL/Trail
DLF,2024-09-26,LONG,09:55:00,10:00:00,913.65,920.0,0.7,SL/Trail
DLF,2024-10-03,LONG,10:20:00,10:45:00,897.0,892.9057142857142,-0.46,SL/Trail
DLF,2024-10-14,SHORT,10:05:00,10:10:00,851.65,852.05,-0.05,SL/Trail
DLF,2024-11-21,SHORT,10:25:00,11:00:00,762.6,766.2764285714286,-0.48,SL/Trail
DLF,2024-12-09,LONG,10:15:00,11:35:00,862.5,868.2742857142857,0.67,SL/Trail
DLF,2024-12-16,LONG,10:30:00,10:45:00,882.15,877.9428571428572,-0.48,SL/Trail
DLF,2024-12-24,SHORT,10:20:00,10:25:00,847.85,846.9,0.11,SL/Trail
DLF,2025-01-15,SHORT,10:25:00,10:30:00,729.5,730.45,-0.13,SL/Trail
DLF,2025-01-20,SHORT,10:15:00,10:20:00,758.35,754.75,0.47,SL/Trail
DLF,2025-01-23,SHORT,09:55:00,10:00:00,718.05,714.7,0.47,SL/Trail
DLF,2025-01-28,SHORT,10:20:00,10:25:00,725.65,725.0,0.09,SL/Trail
DLF,2025-03-21,LONG,10:25:00,11:10:00,706.7,703.3157142857143,-0.48,SL/Trail
DLF,2025-04-23,LONG,10:25:00,10:30:00,684.8,685.05,0.04,SL/Trail
DLF,2025-05-26,LONG,10:30:00,12:45:00,778.0,779.4364285714286,0.18,SL/Trail
DLF,2025-05-30,LONG,10:15:00,10:35:00,794.95,791.1,-0.48,SL/Trail
DLF,2025-06-02,LONG,10:25:00,11:45:00,793.5,799.4285714285714,0.75,SL/Trail
DLF,2025-06-17,LONG,10:20:00,10:45:00,868.25,864.6764285714285,-0.41,SL/Trail
DLF,2025-06-19,LONG,10:25:00,10:30:00,842.0,843.2,0.14,SL/Trail
DLF,2025-07-11,LONG,10:20:00,10:25:00,825.7,826.5,0.1,SL/Trail
DLF,2025-07-24,LONG,10:25:00,10:30:00,836.25,835.5,-0.09,SL/Trail
DLF,2025-08-01,SHORT,10:25:00,10:30:00,793.45,787.25,0.78,SL/Trail
RECLTD,2015-02-09,LONG,10:05:00,10:10:00,120.4,120.6,0.17,SL/Trail
RECLTD,2015-03-30,SHORT,09:50:00,09:55:00,123.55,121.9,1.34,SL/Trail
RECLTD,2015-03-31,SHORT,09:55:00,10:00:00,123.9,123.55,0.28,SL/Trail
RECLTD,2015-04-01,SHORT,10:20:00,10:40:00,125.35,125.7,-0.28,SL/Trail
RECLTD,2015-04-23,SHORT,10:00:00,10:30:00,122.9,122.93928571428572,-0.03,SL/Trail
RECLTD,2015-05-04,SHORT,09:35:00,09:40:00,117.4,118.1,-0.6,SL/Trail
RECLTD,2015-05-28,SHORT,10:10:00,11:25:00,113.25,112.96428571428572,0.25,SL/Trail
RECLTD,2015-08-25,SHORT,10:15:00,10:20:00,85.5,85.1,0.47,SL/Trail
RECLTD,2015-08-28,SHORT,10:15:00,11:30:00,96.4,95.99571428571429,0.42,SL/Trail
RECLTD,2015-09-02,SHORT,10:20:00,10:25:00,95.15,94.5,0.68,SL/Trail
RECLTD,2015-09-11,SHORT,09:20:00,09:55:00,94.0,93.74571428571429,0.27,SL/Trail
RECLTD,2015-10-14,LONG,10:00:00,10:05:00,97.7,98.0,0.31,SL/Trail
RECLTD,2015-11-02,SHORT,10:30:00,10:35:00,94.8,94.45,0.37,SL/Trail
RECLTD,2015-11-04,SHORT,10:30:00,10:35:00,99.65,97.9,1.76,SL/Trail
RECLTD,2016-02-16,SHORT,10:05:00,10:10:00,65.3,65.0,0.46,SL/Trail
RECLTD,2016-03-17,LONG,10:30:00,10:35:00,62.2,62.55,0.56,SL/Trail
RECLTD,2016-05-30,LONG,10:30:00,11:40:00,60.15,60.41357142857143,0.44,SL/Trail
RECLTD,2016-06-08,LONG,10:25:00,11:00:00,60.75,60.71357142857143,-0.06,SL/Trail
RECLTD,2016-06-09,LONG,10:10:00,10:30:00,60.75,60.88642857142857,0.22,SL/Trail
RECLTD,2016-08-22,LONG,10:10:00,10:15:00,86.35,86.7,0.41,SL/Trail
RECLTD,2016-09-09,LONG,10:25:00,10:30:00,90.25,91.4,1.27,SL/Trail
RECLTD,2016-09-28,SHORT,09:55:00,10:00:00,92.2,91.5,0.76,SL/Trail
RECLTD,2016-10-24,LONG,10:15:00,10:20:00,104.1,104.65,0.53,SL/Trail
RECLTD,2016-11-30,SHORT,10:10:00,10:15:00,104.55,103.0,1.48,SL/Trail
RECLTD,2016-12-19,SHORT,10:20:00,10:25:00,97.65,96.7,0.97,SL/Trail
RECLTD,2016-12-27,SHORT,10:15:00,10:20:00,88.2,87.95,0.28,SL/Trail
RECLTD,2017-03-22,LONG,10:25:00,10:45:00,125.35,124.77785714285714,-0.46,SL/Trail
RECLTD,2017-03-23,LONG,10:15:00,11:10:00,123.6,123.745,0.12,SL/Trail
RECLTD,2017-04-12,LONG,09:55:00,10:00:00,152.0,152.8,0.53,SL/Trail
RECLTD,2017-04-19,SHORT,10:25:00,10:30:00,147.1,146.5,0.41,SL/Trail
RECLTD,2017-06-30,SHORT,10:25:00,12:00:00,127.35,127.53357142857143,-0.14,SL/Trail
RECLTD,2017-07-03,SHORT,10:25:00,11:35:00,128.85,128.62857142857143,0.17,SL/Trail
RECLTD,2017-07-14,LONG,10:05:00,10:10:00,137.65,139.6,1.42,SL/Trail
RECLTD,2017-07-20,LONG,10:25:00,11:00:00,137.8,137.815,0.01,SL/Trail
RECLTD,2017-09-05,LONG,10:25:00,10:30:00,123.5,123.4,-0.08,SL/Trail
RECLTD,2017-09-28,SHORT,10:15:00,10:20:00,114.15,114.25,-0.09,SL/Trail
RECLTD,2017-10-09,LONG,10:30:00,10:35:00,115.1,115.9,0.7,SL/Trail
RECLTD,2017-10-23,LONG,10:20:00,10:25:00,116.95,116.8,-0.13,SL/Trail
RECLTD,2017-11-07,LONG,10:25:00,11:00:00,126.4,125.7207142857143,-0.54,SL/Trail
RECLTD,2017-11-08,LONG,10:15:00,10:20:00,125.3,125.35,0.04,SL/Trail
RECLTD,2017-11-20,LONG,10:25:00,10:30:00,119.55,119.7,0.13,SL/Trail
RECLTD,2017-12-05,SHORT,10:25:00,12:20:00,114.4,114.29071428571429,0.1,SL/Trail
RECLTD,2017-12-12,LONG,10:20:00,10:30:00,113.3,113.15,-0.13,SL/Trail
RECLTD,2018-01-16,LONG,10:25:00,10:30:00,118.45,120.1,1.39,SL/Trail
RECLTD,2018-01-31,LONG,10:25:00,10:50:00,117.45,117.21142857142857,-0.2,SL/Trail
RECLTD,2018-02-20,SHORT,09:50:00,09:55:00,105.7,105.55,0.14,SL/Trail
RECLTD,2018-02-22,SHORT,10:30:00,10:35:00,103.65,103.15,0.48,SL/Trail
RECLTD,2018-03-28,SHORT,10:30:00,10:55:00,93.9,94.08428571428571,-0.2,SL/Trail
RECLTD,2018-04-05,SHORT,10:20:00,10:25:00,97.25,96.9,0.36,SL/Trail
RECLTD,2018-04-12,LONG,10:15:00,10:20:00,97.75,98.1,0.36,SL/Trail
RECLTD,2018-04-20,LONG,10:05:00,10:15:00,96.3,96.2,-0.1,SL/Trail
RECLTD,2018-05-02,LONG,10:25:00,10:50:00,96.05,95.8,-0.26,SL/Trail
RECLTD,2018-05-03,LONG,10:30:00,10:40:00,92.8,92.65,-0.16,SL/Trail
RECLTD,2018-05-16,LONG,09:55:00,10:00:00,84.5,85.6,1.3,SL/Trail
RECLTD,2018-06-18,LONG,09:50:00,09:55:00,84.9,85.0,0.12,SL/Trail
RECLTD,2018-07-11,LONG,10:15:00,10:20:00,76.95,77.45,0.65,SL/Trail
RECLTD,2018-08-06,LONG,10:25:00,10:30:00,85.6,86.25,0.76,SL/Trail
RECLTD,2018-09-26,SHORT,09:25:00,10:50:00,76.25,75.39214285714286,1.13,SL/Trail
RECLTD,2018-10-01,SHORT,10:00:00,10:05:00,73.75,73.4,0.47,SL/Trail
RECLTD,2018-10-08,SHORT,10:05:00,10:10:00,77.55,76.3,1.61,SL/Trail
RECLTD,2018-10-15,SHORT,10:10:00,10:15:00,78.05,77.65,0.51,SL/Trail
RECLTD,2018-11-27,LONG,10:30:00,10:35:00,91.6,91.45,-0.16,SL/Trail
RECLTD,2018-12-04,LONG,10:25:00,10:30:00,77.9,78.15,0.32,SL/Trail
RECLTD,2018-12-10,LONG,09:50:00,09:55:00,74.45,75.85,1.88,SL/Trail
RECLTD,2018-12-19,LONG,10:20:00,10:25:00,80.4,81.15,0.93,SL/Trail
RECLTD,2019-01-23,LONG,10:30:00,10:55:00,92.5,91.96857142857144,-0.57,SL/Trail
RECLTD,2019-02-08,LONG,10:05:00,10:10:00,93.0,92.95,-0.05,SL/Trail
RECLTD,2019-02-15,SHORT,10:20:00,10:35:00,89.95,90.34714285714286,-0.44,SL/Trail
RECLTD,2019-02-25,SHORT,10:25:00,10:30:00,100.85,100.65,0.2,SL/Trail
RECLTD,2019-03-12,LONG,10:20:00,10:35:00,101.7,101.18928571428572,-0.5,SL/Trail
RECLTD,2019-03-27,LONG,10:20:00,10:25:00,112.05,112.0,-0.04,SL/Trail
RECLTD,2019-04-08,LONG,10:05:00,10:10:00,115.05,115.2,0.13,SL/Trail
RECLTD,2019-04-23,LONG,10:10:00,10:15:00,109.95,110.55,0.55,SL/Trail
RECLTD,2019-05-22,LONG,09:55:00,10:00:00,104.5,104.65,0.14,SL/Trail
RECLTD,2019-07-15,SHORT,09:25:00,10:25:00,112.15,112.44428571428571,-0.26,SL/Trail
RECLTD,2019-07-22,SHORT,10:20:00,10:55:00,110.0,110.815,-0.74,SL/Trail
RECLTD,2019-07-29,SHORT,10:30:00,11:45:00,107.05,106.04642857142858,0.94,SL/Trail
RECLTD,2019-09-04,SHORT,10:15:00,10:25:00,105.45,105.55,-0.09,SL/Trail
RECLTD,2019-09-20,SHORT,10:25:00,10:45:00,94.6,94.8,-0.21,SL/Trail
RECLTD,2019-10-16,LONG,10:15:00,10:40:00,92.8,92.36000000000001,-0.47,SL/Trail
RECLTD,2019-10-18,LONG,10:25:00,12:40:00,94.35,95.00999999999999,0.7,SL/Trail
RECLTD,2019-11-13,LONG,10:20:00,10:25:00,104.8,105.25,0.43,SL/Trail
RECLTD,2019-11-15,LONG,10:15:00,10:20:00,101.2,101.05,-0.15,SL/Trail
RECLTD,2019-11-28,LONG,10:20:00,10:25:00,101.45,101.5,0.05,SL/Trail
RECLTD,2020-02-05,SHORT,10:20:00,10:25:00,110.5,110.9,-0.36,SL/Trail
RECLTD,2020-02-10,LONG,10:25:00,10:30:00,115.75,115.65,-0.09,SL/Trail
RECLTD,2020-02-13,LONG,09:55:00,10:00:00,105.5,105.8,0.28,SL/Trail
RECLTD,2020-03-17,SHORT,10:05:00,10:10:00,72.55,72.65,-0.14,SL/Trail
RECLTD,2020-05-06,SHORT,10:15:00,10:25:00,67.45,67.85,-0.59,SL/Trail
RECLTD,2020-05-07,LONG,10:20:00,11:00:00,68.5,68.29357142857143,-0.3,SL/Trail
RECLTD,2020-05-13,SHORT,10:30:00,10:35:00,72.25,70.9,1.87,SL/Trail
RECLTD,2020-06-02,LONG,10:20:00,11:00:00,70.0,70.17142857142858,0.24,SL/Trail
RECLTD,2020-08-07,LONG,10:30:00,10:35:00,79.9,80.2,0.38,SL/Trail
RECLTD,2020-08-18,LONG,10:10:00,10:15:00,82.6,82.65,0.06,SL/Trail
RECLTD,2020-08-31,LONG,10:15:00,10:20:00,84.1,84.2,0.12,SL/Trail
RECLTD,2020-10-09,LONG,10:05:00,10:10:00,74.05,74.3,0.34,SL/Trail
RECLTD,2020-10-23,LONG,10:00:00,10:05:00,75.65,75.65,0.0,SL/Trail
RECLTD,2020-11-18,LONG,10:30:00,11:15:00,85.9,85.71428571428571,-0.22,SL/Trail
RECLTD,2021-01-04,LONG,10:25:00,10:30:00,101.5,101.35,-0.15,SL/Trail
RECLTD,2021-02-02,LONG,10:25:00,10:40:00,106.2,105.92071428571428,-0.26,SL/Trail
RECLTD,2021-04-29,LONG,10:25:00,10:45:00,98.0,97.44571428571429,-0.57,SL/Trail
RECLTD,2021-05-12,LONG,10:30:00,10:35:00,106.5,106.5,0.0,SL/Trail
RECLTD,2021-06-22,LONG,10:25:00,11:05:00,111.1,110.83214285714286,-0.24,SL/Trail
RECLTD,2021-07-28,SHORT,10:30:00,11:00:00,108.55,108.80071428571428,-0.23,SL/Trail
RECLTD,2021-09-30,LONG,10:05:00,10:10:00,119.85,121.35,1.25,SL/Trail
RECLTD,2021-12-13,LONG,10:25:00,10:55:00,102.95,102.65928571428572,-0.28,SL/Trail
RECLTD,2022-01-07,LONG,10:30:00,10:45:00,103.1,102.76571428571428,-0.32,SL/Trail
RECLTD,2022-01-13,LONG,10:20:00,10:50:00,104.9,105.39857142857143,0.48,SL/Trail
RECLTD,2022-01-18,LONG,10:25:00,10:30:00,104.35,105.0,0.62,SL/Trail
RECLTD,2022-01-27,SHORT,10:15:00,10:20:00,99.2,99.0,0.2,SL/Trail
RECLTD,2022-02-11,LONG,10:05:00,10:10:00,104.6,104.65,0.05,SL/Trail
RECLTD,2022-03-10,SHORT,10:25:00,12:10:00,94.4,93.72142857142858,0.72,SL/Trail
RECLTD,2022-03-29,LONG,10:25:00,10:30:00,92.45,92.6,0.16,SL/Trail
RECLTD,2022-05-02,SHORT,10:30:00,11:00:00,94.85,94.71785714285714,0.14,SL/Trail
RECLTD,2022-06-13,SHORT,10:20:00,11:20:00,86.5,86.75857142857143,-0.3,SL/Trail
RECLTD,2022-06-15,SHORT,10:20:00,11:05:00,85.35,85.28285714285714,0.08,SL/Trail
RECLTD,2022-06-20,SHORT,10:20:00,11:50:00,83.95,83.91428571428571,0.04,SL/Trail
RECLTD,2022-06-29,SHORT,10:25:00,11:15:00,90.05,90.15,-0.11,SL/Trail
RECLTD,2022-07-01,SHORT,10:00:00,10:25:00,92.25,92.45,-0.22,SL/Trail
RECLTD,2022-09-20,SHORT,10:20:00,10:50:00,104.0,104.2,-0.19,SL/Trail
RECLTD,2022-09-22,LONG,10:30:00,10:35:00,102.65,102.64857142857143,-0.0,SL/Trail
RECLTD,2022-10-17,SHORT,10:20:00,10:40:00,91.7,91.62142857142857,0.09,SL/Trail
RECLTD,2022-11-29,LONG,09:50:00,09:55:00,109.9,110.4,0.45,SL/Trail
RECLTD,2022-12-05,LONG,10:10:00,11:30:00,111.6,112.16571428571429,0.51,SL/Trail
RECLTD,2022-12-09,LONG,10:05:00,10:10:00,114.2,114.3,0.09,SL/Trail
RECLTD,2022-12-30,SHORT,10:05:00,10:10:00,117.95,115.05,2.46,SL/Trail
RECLTD,2023-02-23,SHORT,10:15:00,10:20:00,112.9,112.5,0.35,SL/Trail
RECLTD,2023-03-16,SHORT,10:30:00,11:00:00,116.45,116.93928571428572,-0.42,SL/Trail
RECLTD,2023-03-27,SHORT,10:10:00,10:15:00,115.2,115.3,-0.09,SL/Trail
RECLTD,2023-05-05,LONG,10:20:00,10:25:00,135.65,136.25,0.44,SL/Trail
RECLTD,2023-07-14,LONG,10:30:00,10:50:00,160.65,160.5,-0.09,SL/Trail
RECLTD,2023-08-11,SHORT,10:20:00,10:25:00,229.25,228.5,0.33,SL/Trail
RECLTD,2023-08-21,SHORT,10:10:00,10:15:00,236.65,236.2,0.19,SL/Trail
RECLTD,2023-09-07,LONG,10:15:00,11:05:00,238.15,237.87142857142857,-0.12,SL/Trail
RECLTD,2023-10-09,SHORT,10:20:00,10:25:00,283.8,283.3,0.18,SL/Trail
RECLTD,2023-10-16,LONG,10:30:00,10:35:00,293.3,293.7,0.14,SL/Trail
RECLTD,2024-01-03,LONG,10:00:00,10:05:00,417.05,417.0,-0.01,SL/Trail
RECLTD,2024-03-22,SHORT,10:15:00,10:20:00,450.8,450.85,-0.01,SL/Trail
RECLTD,2024-05-10,SHORT,10:25:00,11:20:00,511.4,512.5592857142857,-0.23,SL/Trail
RECLTD,2024-07-03,LONG,10:30:00,11:10:00,557.1,556.7521428571429,-0.06,SL/Trail
RECLTD,2024-07-15,LONG,10:00:00,10:05:00,633.5,635.3,0.28,SL/Trail
RECLTD,2024-07-19,LONG,10:20:00,10:50:00,609.0,603.2657142857144,-0.94,SL/Trail
RECLTD,2024-07-31,LONG,10:20:00,12:25:00,642.35,644.2964285714286,0.3,SL/Trail
RECLTD,2024-08-07,SHORT,09:45:00,09:50:00,589.6,583.75,0.99,SL/Trail
RECLTD,2024-08-21,LONG,10:25:00,11:30:00,601.0,601.5892857142858,0.1,SL/Trail
RECLTD,2024-08-29,LONG,10:30:00,10:35:00,625.2,626.0,0.13,SL/Trail
RECLTD,2024-09-11,LONG,10:20:00,10:25:00,573.7,574.15,0.08,SL/Trail
RECLTD,2024-10-01,LONG,10:25:00,10:50:00,562.0,559.305,-0.48,SL/Trail
RECLTD,2024-10-03,LONG,10:20:00,10:55:00,550.8,549.7328571428571,-0.19,SL/Trail
RECLTD,2024-10-23,SHORT,10:20:00,11:00:00,506.9,509.0578571428572,-0.43,SL/Trail
RECLTD,2024-11-26,LONG,10:25:00,11:45:00,520.25,521.7657142857144,0.29,SL/Trail
RECLTD,2024-12-24,SHORT,10:20:00,10:35:00,514.05,516.3607142857143,-0.45,SL/Trail
RECLTD,2025-05-07,LONG,10:20:00,10:55:00,404.35,401.84285714285716,-0.62,SL/Trail
RECLTD,2025-05-30,LONG,10:15:00,10:20:00,404.8,407.25,0.61,SL/Trail
RECLTD,2025-06-02,LONG,09:25:00,10:50:00,399.0,402.0357142857143,0.76,SL/Trail
RECLTD,2025-06-03,LONG,10:25:00,10:35:00,407.2,405.8985714285714,-0.32,SL/Trail
RECLTD,2025-07-14,SHORT,10:20:00,11:30:00,400.2,400.4292857142857,-0.06,SL/Trail
CANBK,2015-02-06,LONG,10:00:00,10:05:00,77.7,78.76,1.36,SL/Trail
CANBK,2015-02-13,LONG,10:25:00,10:50:00,74.66,74.81857142857143,0.21,SL/Trail
CANBK,2015-02-16,LONG,10:25:00,10:30:00,77.26,77.55,0.38,SL/Trail
CANBK,2015-03-17,SHORT,10:15:00,10:55:00,74.32,74.44014285714286,-0.16,SL/Trail
CANBK,2015-04-06,SHORT,10:30:00,11:30:00,70.12,70.30557142857143,-0.26,SL/Trail
CANBK,2015-05-05,SHORT,10:05:00,10:10:00,72.1,71.81,0.4,SL/Trail
CANBK,2015-06-17,SHORT,10:30:00,10:45:00,55.35,55.626714285714286,-0.5,SL/Trail
CANBK,2015-06-25,LONG,09:50:00,11:20:00,54.38,54.26014285714285,-0.22,SL/Trail
CANBK,2015-07-03,LONG,10:30:00,10:35:00,51.87,51.92,0.1,SL/Trail
CANBK,2015-07-30,SHORT,10:15:00,10:20:00,46.85,46.85,0.0,SL/Trail
CANBK,2015-08-20,LONG,10:30:00,11:15:00,62.93,62.905,-0.04,SL/Trail
CANBK,2015-09-03,SHORT,10:05:00,10:10:00,48.25,47.91,0.7,SL/Trail
CANBK,2015-09-07,SHORT,10:30:00,10:35:00,46.8,46.85,-0.11,SL/Trail
CANBK,2015-10-08,LONG,09:55:00,10:00:00,54.24,54.14,-0.18,SL/Trail
CANBK,2015-10-29,LONG,10:30:00,10:35:00,51.44,51.53,0.17,SL/Trail
CANBK,2015-11-13,SHORT,10:30:00,10:35:00,49.7,49.7,0.0,SL/Trail
CANBK,2015-12-11,SHORT,10:25:00,10:30:00,44.97,44.63,0.76,SL/Trail
CANBK,2015-12-14,SHORT,10:20:00,10:25:00,43.81,43.71,0.23,SL/Trail
CANBK,2015-12-16,SHORT,10:05:00,10:10:00,43.62,43.52,0.23,SL/Trail
CANBK,2015-12-18,LONG,10:20:00,10:40:00,43.76,43.67,-0.21,SL/Trail
CANBK,2016-01-04,LONG,10:20:00,10:25:00,42.46,42.51,0.12,SL/Trail
CANBK,2016-01-05,SHORT,10:25:00,11:20:00,41.73,41.44942857142858,0.67,SL/Trail
CANBK,2016-01-19,SHORT,10:00:00,10:05:00,31.74,31.69,0.16,SL/Trail
CANBK,2016-03-08,LONG,10:25:00,10:55:00,32.32,32.08971428571428,-0.71,SL/Trail
CANBK,2016-03-29,LONG,10:25:00,10:30:00,31.89,31.84,-0.16,SL/Trail
CANBK,2016-07-20,LONG,10:20:00,10:45:00,47.04,47.09457142857143,0.12,SL/Trail
CANBK,2016-08-16,LONG,10:10:00,10:15:00,46.27,46.27,0.0,SL/Trail
CANBK,2016-10-03,SHORT,09:50:00,09:55:00,57.52,57.52,0.0,SL/Trail
CANBK,2016-10-17,SHORT,10:10:00,10:15:00,57.91,57.66,0.43,SL/Trail
CANBK,2017-01-12,LONG,10:15:00,10:20:00,49.94,50.33,0.78,SL/Trail
CANBK,2017-01-20,LONG,10:30:00,10:55:00,52.31,52.52014285714286,0.4,SL/Trail
CANBK,2017-02-03,LONG,10:25:00,10:40:00,55.44,55.441857142857145,0.0,SL/Trail
CANBK,2017-03-21,LONG,10:30:00,10:35:00,53.27,53.61,0.64,SL/Trail
CANBK,2017-03-27,LONG,10:20:00,11:20:00,53.75,53.764857142857146,0.03,SL/Trail
CANBK,2017-05-29,LONG,10:00:00,10:05:00,65.97,66.11,0.21,SL/Trail
CANBK,2017-09-04,LONG,10:30:00,10:40:00,62.44,62.3,-0.22,SL/Trail
CANBK,2017-09-20,LONG,10:25:00,10:30:00,62.93,62.93,0.0,SL/Trail
CANBK,2017-09-21,LONG,09:50:00,09:55:00,62.88,63.41,0.84,SL/Trail
CANBK,2017-10-26,LONG,10:10:00,10:15:00,80.25,80.93,0.85,SL/Trail
CANBK,2017-10-31,LONG,10:25:00,10:30:00,76.1,76.15,0.07,SL/Trail
CANBK,2017-11-17,SHORT,09:20:00,09:30:00,72.82,73.74,-1.26,SL/Trail
CANBK,2017-11-27,LONG,09:30:00,10:30:00,71.61,71.54371428571429,-0.09,SL/Trail
CANBK,2018-01-04,LONG,10:30:00,10:35:00,65.1,65.05,-0.08,SL/Trail
CANBK,2018-01-12,LONG,10:15:00,10:20:00,65.34,65.73,0.6,SL/Trail
CANBK,2018-01-31,LONG,10:25:00,10:40:00,64.04,63.666,-0.58,SL/Trail
CANBK,2018-02-27,LONG,09:50:00,10:00:00,55.64,55.54,-0.18,SL/Trail
CANBK,2018-05-10,LONG,10:30:00,10:35:00,46.66,46.66,0.0,SL/Trail
CANBK,2018-05-24,SHORT,10:25:00,10:30:00,44.24,44.39,-0.34,SL/Trail
CANBK,2018-06-07,LONG,09:55:00,10:00:00,46.85,46.75,-0.21,SL/Trail
CANBK,2018-06-19,LONG,10:25:00,11:05:00,48.44,48.22128571428571,-0.45,SL/Trail
CANBK,2018-06-25,LONG,10:20:00,10:25:00,46.51,46.66,0.32,SL/Trail
CANBK,2018-06-26,LONG,10:25:00,12:50:00,44.97,45.801,1.85,SL/Trail
CANBK,2018-07-25,LONG,10:10:00,10:15:00,45.84,45.74,-0.22,SL/Trail
CANBK,2018-08-24,LONG,10:25:00,10:35:00,51.24,50.92614285714286,-0.61,SL/Trail
CANBK,2018-09-06,SHORT,10:00:00,10:05:00,49.46,49.26,0.4,SL/Trail
CANBK,2018-09-11,SHORT,09:45:00,09:50:00,48.59,48.59,0.0,SL/Trail
CANBK,2018-09-25,SHORT,10:30:00,10:35:00,42.02,41.78,0.57,SL/Trail
CANBK,2018-10-01,SHORT,10:05:00,10:10:00,39.9,39.32,1.45,SL/Trail
CANBK,2018-11-21,LONG,10:30:00,12:55:00,46.85,47.725857142857144,1.87,SL/Trail
CANBK,2018-12-05,LONG,10:20:00,10:55:00,45.5,45.42771428571428,-0.16,SL/Trail
CANBK,2018-12-21,LONG,10:15:00,10:20:00,48.3,48.78,0.99,SL/Trail
CANBK,2019-03-13,LONG,10:25:00,10:30:00,46.13,46.03,-0.22,SL/Trail
CANBK,2019-03-29,LONG,09:55:00,10:00:00,53.03,53.51,0.91,SL/Trail
CANBK,2019-04-03,LONG,10:30:00,10:35:00,54.04,54.14,0.19,SL/Trail
CANBK,2019-04-11,LONG,10:10:00,10:15:00,50.62,50.91,0.57,SL/Trail
CANBK,2019-04-12,LONG,10:20:00,10:25:00,50.86,50.91,0.1,SL/Trail
CANBK,2019-05-27,LONG,10:20:00,10:55:00,50.62,50.844,0.44,SL/Trail
CANBK,2019-06-10,LONG,10:25:00,10:30:00,47.53,48.11,1.22,SL/Trail
CANBK,2019-06-12,LONG,10:20:00,11:15:00,48.3,48.50485714285714,0.42,SL/Trail
CANBK,2019-06-20,SHORT,09:50:00,09:55:00,47.19,47.04,0.32,SL/Trail
CANBK,2019-06-21,LONG,10:00:00,10:05:00,48.25,48.25,0.0,SL/Trail
CANBK,2019-07-01,SHORT,10:25:00,10:45:00,52.11,52.322428571428574,-0.41,SL/Trail
CANBK,2019-08-07,SHORT,10:05:00,10:10:00,42.27,42.07,0.47,SL/Trail
CANBK,2019-08-30,SHORT,09:55:00,10:00:00,40.0,39.9,0.25,SL/Trail
CANBK,2019-09-27,LONG,10:20:00,10:25:00,33.72,33.82,0.3,SL/Trail
CANBK,2019-11-06,LONG,10:05:00,10:10:00,36.04,36.52,1.33,SL/Trail
CANBK,2019-11-22,LONG,09:55:00,10:00:00,39.61,39.61,0.0,SL/Trail
CANBK,2019-12-24,LONG,10:15:00,10:20:00,40.43,40.53,0.25,SL/Trail
CANBK,2020-01-16,LONG,10:25:00,10:30:00,38.84,38.98,0.36,SL/Trail
CANBK,2020-02-03,SHORT,10:30:00,11:15:00,34.06,33.963,0.28,SL/Trail
CANBK,2020-02-10,LONG,10:30:00,10:35:00,33.14,33.19,0.15,SL/Trail
CANBK,2020-06-02,LONG,10:20:00,10:25:00,14.46,14.7,1.66,SL/Trail
CANBK,2020-06-05,LONG,10:30:00,10:45:00,15.96,15.86,-0.63,SL/Trail
CANBK,2020-09-22,SHORT,10:30:00,11:30:00,14.56,14.469285714285714,0.62,SL/Trail
CANBK,2020-10-12,LONG,10:15:00,10:20:00,14.61,14.8,1.3,SL/Trail
CANBK,2020-10-21,LONG,10:25:00,10:35:00,14.27,14.18,-0.63,SL/Trail
CANBK,2021-01-18,LONG,10:15:00,10:20:00,23.05,23.54,2.13,SL/Trail
CANBK,2021-01-27,SHORT,10:30:00,10:35:00,23.39,22.96,1.84,SL/Trail
CANBK,2021-01-28,SHORT,10:20:00,11:05:00,21.61,21.602857142857143,0.03,SL/Trail
CANBK,2021-02-02,LONG,10:25:00,10:30:00,24.6,24.7,0.41,SL/Trail
CANBK,2021-02-15,LONG,10:15:00,10:20:00,27.49,27.49,0.0,SL/Trail
CANBK,2021-02-16,LONG,10:05:00,10:10:00,28.36,28.36,0.0,SL/Trail
CANBK,2021-03-12,LONG,10:20:00,10:25:00,28.22,28.17,-0.18,SL/Trail
CANBK,2021-03-19,SHORT,10:15:00,10:20:00,25.03,25.18,-0.6,SL/Trail
CANBK,2021-05-07,LONG,10:30:00,10:35:00,24.74,24.74,0.0,SL/Trail
CANBK,2021-05-28,LONG,10:20:00,10:25:00,27.11,27.01,-0.37,SL/Trail
CANBK,2021-06-01,LONG,10:20:00,10:25:00,27.74,27.98,0.87,SL/Trail
CANBK,2021-06-16,LONG,10:30:00,10:50:00,26.58,26.423142857142857,-0.59,SL/Trail
CANBK,2021-07-12,SHORT,09:55:00,10:00:00,26.48,26.43,0.19,SL/Trail
CANBK,2021-08-31,LONG,09:50:00,10:50:00,26.82,26.77228571428571,-0.18,SL/Trail
CANBK,2021-09-03,LONG,10:30:00,11:05:00,27.98,27.86042857142857,-0.43,SL/Trail
CANBK,2021-10-04,LONG,10:20:00,11:00:00,31.6,31.599714285714285,-0.0,SL/Trail
CANBK,2021-12-10,LONG,10:15:00,11:10:00,38.36,38.429,0.18,SL/Trail
CANBK,2022-01-13,LONG,10:15:00,10:40:00,39.71,39.896857142857144,0.47,SL/Trail
CANBK,2022-02-07,SHORT,09:55:00,10:00:00,47.96,47.82,0.29,SL/Trail
CANBK,2022-02-11,LONG,10:20:00,10:25:00,46.18,46.32,0.3,SL/Trail
CANBK,2022-03-29,LONG,10:25:00,10:30:00,41.2,41.2,0.0,SL/Trail
CANBK,2022-04-25,SHORT,10:25:00,10:50:00,41.2,41.33914285714285,-0.34,SL/Trail
CANBK,2022-05-18,SHORT,09:55:00,10:00:00,36.47,36.38,0.25,SL/Trail
CANBK,2022-05-23,SHORT,10:25:00,10:50:00,34.64,34.74442857142857,-0.3,SL/Trail
CANBK,2022-06-02,LONG,10:30:00,10:45:00,37.78,37.56928571428571,-0.56,SL/Trail
CANBK,2022-06-24,SHORT,09:55:00,10:00:00,32.66,32.61,0.15,SL/Trail
CANBK,2022-09-16,LONG,10:10:00,10:15:00,45.02,45.21,0.42,SL/Trail
CANBK,2022-09-22,LONG,10:30:00,10:35:00,43.57,44.39,1.88,SL/Trail
CANBK,2022-11-01,LONG,10:30:00,11:15:00,53.75,53.564571428571426,-0.34,SL/Trail
CANBK,2022-11-10,LONG,10:10:00,10:25:00,56.99,56.84,-0.26,SL/Trail
CANBK,2022-12-08,LONG,10:20:00,11:05:00,57.91,58.30985714285715,0.69,SL/Trail
CANBK,2022-12-27,SHORT,10:30:00,11:10:00,55.97,56.01042857142857,-0.07,SL/Trail
CANBK,2023-01-11,SHORT,10:20:00,11:15:00,58.15,58.21728571428571,-0.12,SL/Trail
CANBK,2023-01-24,LONG,10:15:00,10:20:00,59.45,59.45,0.0,SL/Trail
CANBK,2023-02-23,SHORT,10:20:00,10:25:00,49.99,50.09,-0.2,SL/Trail
CANBK,2023-02-28,SHORT,10:30:00,10:35:00,50.71,50.47,0.47,SL/Trail
CANBK,2023-03-02,SHORT,10:20:00,10:25:00,53.22,53.03,0.36,SL/Trail
CANBK,2023-03-06,SHORT,10:15:00,10:25:00,56.36,56.41,-0.09,SL/Trail
CANBK,2023-03-21,SHORT,10:30:00,10:40:00,50.81,51.05,-0.47,SL/Trail
CANBK,2023-04-24,LONG,10:25:00,13:05:00,54.43,54.83528571428572,0.74,SL/Trail
CANBK,2023-05-08,LONG,10:25:00,10:30:00,57.23,57.47,0.42,SL/Trail
CANBK,2023-06-26,LONG,10:15:00,10:20:00,53.8,53.85,0.09,SL/Trail
CANBK,2023-07-07,LONG,10:25:00,10:40:00,59.79,59.501999999999995,-0.48,SL/Trail
CANBK,2023-07-14,LONG,10:30:00,10:50:00,59.5,59.298,-0.34,SL/Trail
CANBK,2023-08-11,SHORT,10:10:00,10:15:00,61.72,61.14,0.94,SL/Trail
CANBK,2023-08-14,SHORT,10:25:00,10:55:00,60.03,60.225857142857144,-0.33,SL/Trail
CANBK,2023-09-05,LONG,10:30:00,10:35:00,61.91,61.91,0.0,SL/Trail
CANBK,2023-09-13,LONG,10:00:00,10:05:00,64.13,63.94,-0.3,SL/Trail
CANBK,2023-10-03,SHORT,10:15:00,10:20:00,69.88,69.73,0.21,SL/Trail
CANBK,2023-10-06,SHORT,10:30:00,10:35:00,69.44,69.01,0.62,SL/Trail
CANBK,2023-11-01,SHORT,10:30:00,10:35:00,71.08,71.08,0.0,SL/Trail
CANBK,2023-11-30,LONG,10:05:00,10:10:00,74.41,74.41,0.0,SL/Trail
CANBK,2023-12-20,LONG,10:15:00,10:20:00,83.2,83.2,0.0,SL/Trail
CANBK,2024-01-08,LONG,09:45:00,09:50:00,85.08,85.52,0.52,SL/Trail
CANBK,2024-01-31,SHORT,10:20:00,10:35:00,88.94,89.38,-0.49,SL/Trail
CANBK,2024-02-09,LONG,10:00:00,10:05:00,104.44,105.74,1.24,SL/Trail
CANBK,2024-02-13,SHORT,10:15:00,10:20:00,102.41,102.89,-0.47,SL/Trail
CANBK,2024-05-10,SHORT,10:20:00,10:30:00,102.75,103.62,-0.85,SL/Trail
CANBK,2024-05-29,LONG,10:20:00,10:45:00,110.09,109.31742857142856,-0.7,SL/Trail
CANBK,2024-06-03,SHORT,10:20:00,10:25:00,117.86,117.91,-0.04,SL/Trail
CANBK,2024-06-18,LONG,10:25:00,11:50:00,117.48,117.62985714285715,0.13,SL/Trail
CANBK,2024-06-25,LONG,10:20:00,10:25:00,114.33,114.64,0.27,SL/Trail
CANBK,2024-07-19,LONG,10:15:00,10:20:00,110.16,110.94,0.71,SL/Trail
CANBK,2024-10-04,SHORT,10:10:00,10:15:00,105.01,105.04,-0.03,SL/Trail
CANBK,2024-10-18,SHORT,10:00:00,10:05:00,98.57,98.81,-0.24,SL/Trail
CANBK,2024-10-23,SHORT,10:25:00,10:55:00,93.98,94.41,-0.46,SL/Trail
CANBK,2024-11-06,SHORT,10:20:00,10:50:00,100.69,100.64728571428572,0.04,SL/Trail
CANBK,2025-01-23,SHORT,10:20:00,10:25:00,95.35,94.81,0.57,SL/Trail
CANBK,2025-05-07,LONG,10:20:00,10:55:00,89.81,89.65771428571429,-0.17,SL/Trail
CANBK,2025-07-02,LONG,10:05:00,10:10:00,114.29,114.6,0.27,SL/Trail
CANBK,2025-07-24,LONG,10:25:00,10:30:00,108.2,108.0,-0.18,SL/Trail
