Entry_Date,Exit_Date,Entry_Price,Exit_Price,Entry_Volume,Exit_Volume,PnL_Points,PnL_Pct
2015-03-30,2015-03-31,8492.3,8491.0,138880000000.0,172360000000.0,-1.3,-0.02
2015-04-01,2015-04-16,8586.25,8652.437806919643,125500.0,147270000000.0,66.19,0.77
2015-05-04,2015-05-05,8331.9501953125,8324.8,131700.0,160340000000.0,-7.15,-0.09
2015-05-08,2015-05-11,8191.5,8325.25,183100.0,197880000000.0,133.75,1.63
2015-05-15,2015-05-26,8262.35,8339.35,133840000000.0,120430000000.0,77.0,0.93
2015-05-29,2015-06-02,8433.65,8305.7,375230000000.0,151340000000.0,-127.95,-1.52
2015-06-10,2015-06-11,8124.45,8023.8,141030000000.0,171350000000.0,-100.65,-1.24
2015-06-15,2015-06-16,8013.9,8047.3,137120000000.0,127810000000.0,33.4,0.42
2015-06-17,2015-06-29,8091.55,8245.93363420759,157210000000.0,132000.0,154.38,1.91
2015-06-30,2015-07-08,8368.5,8388.260915178573,163370000000.0,188100.0,19.76,0.24
2015-07-13,2015-07-27,8459.650390625,8490.930990513392,117800.0,140830000000.0,31.28,0.37
2015-07-30,2015-08-11,8421.7998046875,8461.75482421875,215200.0,159190000000.0,39.96,0.47
2015-08-14,2015-08-18,8518.5498046875,8466.55,155900.0,157990000000.0,-52.0,-0.61
2015-08-28,2015-08-31,8001.95,7961.65,201570000000.0,198200.0,-40.3,-0.5
2015-09-09,2015-09-10,7818.60009765625,7764.5498046875,208400.0,165310000000.0,-54.05,-0.69
2015-09-14,2015-09-15,7872.25,7829.1,126630000000.0,140720000000.0,-43.15,-0.55
2015-09-16,2015-09-22,7899.14990234375,7853.2998046875,140000.0,168400.0,-45.85,-0.58
2015-09-30,2015-10-28,7948.9,8202.174386160714,217190000000.0,194710000000.0,253.27,3.19
2015-11-16,2015-11-17,7806.60009765625,7837.55,149500.0,149450000000.0,30.95,0.4
2015-11-20,2015-11-23,7856.55,7849.25,156610000000.0,130870000000.0,-7.3,-0.09
2015-11-26,2015-12-03,7883.7998046875,7864.15,219800.0,129630000000.0,-19.65,-0.25
2015-12-15,2015-12-16,7700.89990234375,7750.9,134300.0,159150000000.0,50.0,0.65
2015-12-17,2015-12-18,7844.35009765625,7761.95,175900.0,197320000000.0,-82.4,-1.05
2015-12-23,2016-01-04,7865.95,7832.689924665179,121480000000.0,138870000000.0,-33.26,-0.42
2016-01-22,2016-01-25,7422.45,7436.15,236280000000.0,168200000000.0,13.7,0.18
2016-01-29,2016-02-02,7563.55,7455.5498046875,307930000000.0,230200.0,-108.0,-1.43
2016-02-05,2016-02-08,7489.1,7406.65,257519999999.99997,171500.0,-82.45,-1.1
2016-02-15,2016-02-16,7162.95,7056.8,365220000000.0,253800.0,-106.15,-1.48
2016-02-18,2016-02-19,7191.75,7210.75,254330000000.0,192300.0,19.0,0.26
2016-02-22,2016-02-23,7234.55,7200.7,159160000000.0,200400000000.0,-33.85,-0.47
2016-03-01,2016-04-05,7222.3,7608.843521205357,283560000000.0,210130000000.0,386.54,5.35
2016-04-11,2016-04-29,7671.4,7825.461403459822,185350000000.0,251230000000.0,154.06,2.01
2016-05-09,2016-05-19,7866.0498046875,7777.155185546875,160600.0,175710000000.0,-88.89,-1.13
2016-05-25,2016-06-13,7934.9,8147.626416015625,181640000000.0,174920000000.0,212.73,2.68
2016-06-15,2016-06-16,8206.6,8123.15,174950000000.0,195030000000.0,-83.45,-1.02
2016-06-20,2016-06-24,8238.5,8129.675012555804,168600.0,306800000000.0,-108.82,-1.32
2016-06-28,2016-08-03,8127.85,8573.715594308036,175720000000.0,168030000000.0,445.87,5.49
2016-08-05,2016-08-10,8683.150390625,8590.150390625,157900.0,178960000000.0,-93.0,-1.07
2016-08-12,2016-08-16,8672.15,8604.45,272010000000.0,231770000000.0,-67.7,-0.78
2016-08-18,2016-08-22,8673.25,8645.05,169430000000.0,156980000000.0,-28.2,-0.33
2016-08-24,2016-08-25,8650.2998046875,8620.900390625,149600.0,219740000000.0,-29.4,-0.34
2016-08-30,2016-09-12,8744.35,8831.925984933036,154830000000.0,190200000000.0,87.58,1.0
2016-09-15,2016-09-26,8742.5498046875,8748.340499441963,145400.0,164000.0,5.79,0.07
2016-10-03,2016-10-06,8738.1,8709.5498046875,141470000000.0,163600.0,-28.55,-0.33
2016-10-18,2016-10-19,8677.900390625,8659.1,216600.0,177400000000.0,-18.8,-0.22
2016-10-20,2016-10-21,8699.4,8678.3,165950000000.0,157300.0,-21.1,-0.24
2016-10-28,2016-10-30,8638.0,8625.7,180910000000.0,166110000000.0,-12.3,-0.14
2016-11-08,2016-11-09,8543.55,8480.1,201760000000.0,314300.0,-63.45,-0.74
2016-11-10,2016-11-11,8525.75,8510.7,271200000000.0,275220000000.0,-15.05,-0.18
2016-11-23,2016-11-24,8033.3,7973.1,186600000000.0,268620000000.0,-60.2,-0.75
2016-11-25,2016-11-28,8114.3,8126.9,183360000000.0,195590000000.0,12.6,0.16
2016-11-30,2016-12-01,8224.5,8192.9,248000.0,162600000000.0,-31.6,-0.38
2016-12-06,2016-12-07,8143.15,8130.85,118850000000.0,169800.0,-12.3,-0.15
2016-12-08,2016-12-12,8246.85,8170.8,146860000000.0,111430000000.0,-76.05,-0.92
2016-12-27,2016-12-28,8032.85,8034.85,122460000000.0,130580000000.00002,2.0,0.02
2016-12-29,2017-01-20,8103.6,8346.775689174106,183980000000.0,208900000000.0,243.18,3.0
2017-01-24,2017-02-01,8475.8,8578.303646763392,184750000000.0,337800000000.0,102.5,1.21
2017-02-02,2017-03-03,8734.25,8864.346227678572,292330000000.0,208920000000.0,130.1,1.49
2017-03-06,2017-03-08,8963.4501953125,8914.0,174800.0,177800.0,-49.45,-0.55
2017-03-14,2017-03-21,9087.0,9089.635764508928,278730000000.0,247700.0,2.64,0.03
2017-03-23,2017-03-27,9086.3,9048.6,197710000000.0,202700.0,-37.7,-0.41
2017-03-28,2017-04-12,9100.8,9163.142142857143,188990000000.0,166750000000.0,62.34,0.69
2017-04-20,2017-04-21,9136.400390625,9102.650390625,170300.0,155200.0,-33.75,-0.37
2017-04-24,2017-05-18,9217.95,9423.056902901786,172910000000.0,193300.0,205.11,2.23
2017-05-25,2017-06-14,9509.75,9598.664361049106,289200.0,187380000000.0,88.91,0.93
2017-06-19,2017-06-21,9657.5498046875,9614.900390625,141700.0,148490000000.0,-42.65,-0.44
2017-07-03,2017-07-10,9615.0,9648.725390625,188690000000.0,37500.0,33.73,0.35
2017-07-11,2017-07-18,9786.05,9806.899285714288,185320000000.0,303010000000.0,20.85,0.21
2017-07-19,2017-07-21,9899.6,9851.65,206380000000.0,193290000000.0,-47.95,-0.48
2017-07-24,2017-07-28,9966.400390625,9984.009285714286,174500.0,191600.0,17.61,0.18
2017-07-31,2017-08-03,10077.1,10016.95,245100000000.0,198670000000.0,-60.15,-0.6
2017-08-14,2017-08-16,9794.15,9897.3,201610000000.0,226270000000.0,103.15,1.05
2017-08-17,2017-08-18,9904.15,9883.75,203650000000.0,253930000000.0,-20.4,-0.21
2017-08-23,2017-08-24,9852.5,9857.05,173820000000.0,190400000000.0,4.55,0.05
2017-08-28,2017-08-29,9912.8,9882.0,164490000000.0,178670000000.0,-30.8,-0.31
2017-08-31,2017-09-22,9917.9,10052.230119977678,337780000000.0,233620000000.0,134.33,1.35
2017-10-03,2017-10-04,9859.5,9914.9,167830000000.0,160990000000.0,55.4,0.56
2017-10-06,2017-11-07,9979.7001953125,10360.354773995536,195800.0,295830000000.0,380.65,3.81
2017-11-16,2017-11-30,10214.75,10271.284260602677,188180000000.0,353100000000.0,56.53,0.55
2017-12-07,2017-12-12,10166.7,10240.150390625,171340000000.0,175100.0,73.45,0.72
2017-12-15,2017-12-18,10333.25,10319.650390625,255100.0,230400.0,-13.6,-0.13
2017-12-19,2018-01-02,10463.2,10406.0,174340000000.0,153400.0,-57.2,-0.55
2018-01-04,2018-01-31,10504.7998046875,11008.681897321429,174900.0,253460000000.0,503.88,4.8
2018-02-12,2018-02-14,10539.75,10485.4,224110000000.0,236330000000.0,-54.35,-0.52
2018-02-23,2018-02-27,10491.0498046875,10554.3,210600.0,193250000000.0,63.25,0.6
2018-03-12,2018-03-14,10421.4,10410.9,223140000000.0,186990000000.0,-10.5,-0.1
2018-03-26,2018-03-27,10130.650390625,10184.150390625,262600.0,225700.0,53.5,0.53
2018-04-02,2018-04-04,10211.8,10127.75,232430000000.0,231100.0,-84.05,-0.82
2018-04-05,2018-05-04,10325.15,10638.464475446428,244120000000.0,186500.0,313.31,3.03
2018-05-07,2018-05-16,10715.5,10772.458716517856,173620000000.0,238220000000.0,56.96,0.53
2018-05-25,2018-05-30,10605.15,10614.35,268910000000.00003,246120000000.0,9.2,0.09
2018-05-31,2018-06-04,10736.150390625,10620.400390625,610300.0,203800.0,-115.75,-1.08
2018-06-06,2018-06-19,10684.65,10728.7493359375,195760000000.0,231380000000.0,44.1,0.41
2018-06-22,2018-06-27,10821.849609375,10710.4501953125,229800.0,246000.0,-111.4,-1.03
2018-06-29,2018-07-02,10714.3,10612.35,250330000000.0,295400.0,-101.95,-0.95
2018-07-04,2018-08-02,10769.9,11244.409436383929,179270000000.0,216530000000.0,474.51,4.41
2018-08-03,2018-08-13,11360.7998046875,11356.818646763393,218300.0,254470000000.0,-3.98,-0.04
2018-08-14,2018-08-16,11435.1,11370.8,239840000000.0,290600.0,-64.3,-0.56
2018-08-17,2018-09-03,11470.75,11618.250739397321,234700.0,241730000000.0,147.5,1.29
2018-09-07,2018-09-10,11589.1,11484.4,305030000000.0,286700.0,-104.7,-0.9
2018-09-14,2018-09-17,11515.2,11430.55,285220000000.0,207620000000.0,-84.65,-0.74
2018-10-10,2018-10-11,10460.1,10318.25,373840000000.0,483500.0,-141.85,-1.36
2018-10-12,2018-10-15,10472.5,10512.5,343500.0,259500.0,40.0,0.38
2018-10-16,2018-10-17,10584.75,10525.3,273440000000.0,284800.0,-59.45,-0.56
2018-10-24,2018-10-25,10224.75,10126.7,362270000000.0,522419999999.99994,-98.05,-0.96
2018-10-29,2018-10-30,10250.85,10198.400390625,375750000000.0,289800.0,-52.45,-0.51
2018-10-31,2018-11-01,10386.599609375,10380.45,375000.0,359340000000.0,-6.15,-0.06
2018-11-02,2018-11-13,10553.0,10457.7001953125,421200.0,262540000000.00003,-95.3,-0.9
2018-11-16,2018-11-21,10682.2,10631.15,353380000000.0,300900.0,-51.05,-0.48
2018-11-27,2018-12-05,10685.6,10753.65908482143,382830000000.0,312300.0,68.06,0.64
2018-12-12,2018-12-21,10737.6,10760.214135044642,371700000000.0,389240000000.0,22.61,0.21
2018-12-27,2019-01-02,10779.8,10764.45,470160000000.0,309670000000.0,-15.35,-0.14
2019-01-07,2019-01-08,10771.7998046875,10750.150390625,269400.0,277700.0,-21.65,-0.2
2019-01-09,2019-01-11,10855.15,10749.4,333010000000.0,260790000000.00003,-105.75,-0.97
2019-01-15,2019-01-23,10886.7998046875,10831.5,310700.0,298880000000.0,-55.3,-0.51
2019-01-31,2019-02-11,10830.9501953125,10898.789285714287,604800.0,285990000000.0,67.84,0.63
2019-02-20,2019-02-21,10735.45,10789.85,289190000000.0,279580000000.0,54.4,0.51
2019-02-25,2019-02-26,10880.1,10788.05,385910000000.0,415000.0,-92.05,-0.85
2019-03-05,2019-03-25,10987.45,11387.933546316965,373220000000.0,294460000000.0,400.48,3.64
2019-03-26,2019-04-04,11483.25,11560.287268415179,282580000000.0,349030000000.0,77.04,0.67
2019-04-05,2019-04-08,11665.95,11609.5,266670000000.00003,260930000000.0,-56.45,-0.48
2019-04-12,2019-04-22,11643.4501953125,11677.089037388394,246000.0,260360000000.0,33.64,0.29
2019-04-24,2019-05-06,11726.15,11602.285613839285,335200000000.0,299050000000.0,-123.86,-1.06
2019-05-17,2019-05-23,11407.150390625,11700.487533482143,412100.0,569000.0,293.34,2.57
2019-05-30,2019-05-31,11945.9,11859.4,421200000000.0,438880000000.0,-86.5,-0.72
2019-06-03,2019-06-06,12088.55,11920.1,315300000000.0,415210000000.0,-168.45,-1.39
2019-06-10,2019-06-12,11922.7,11871.75,303330000000.0,283700.0,-50.95,-0.43
2019-06-20,2019-06-21,11831.75,11724.1,442020000000.0,468430000000.0,-107.65,-0.91
2019-06-25,2019-06-28,11796.45,11788.85,300480000000.0,303890000000.0,-7.6,-0.06
2019-07-02,2019-07-05,11910.3,11814.7,363200000000.0,530700.0,-95.6,-0.8
2019-07-16,2019-07-17,11662.6,11687.5,480160000000.0,464830000000.0,24.9,0.21
2019-08-06,2019-08-07,10948.25,10855.5,517890000000.0,548500.0,-92.75,-0.85
2019-08-08,2019-08-09,11032.4501953125,11109.650390625,482500.0,538100.0,77.2,0.7
2019-08-26,2019-08-28,11057.849609375,11046.099609375,684100.0,550000.0,-11.75,-0.11
2019-08-30,2019-09-03,11023.25,10874.8,628150000000.0,483040000000.0,-148.45,-1.35
2019-09-06,2019-09-12,10946.2,10982.8,497210000000.0,551440000000.0,36.6,0.33
2019-10-09,2019-10-10,11313.2998046875,11234.5498046875,741100.0,562000.0,-78.75,-0.7
2019-10-11,2019-11-13,11305.0498046875,11826.982731584822,737800.0,659040000000.0,521.93,4.62
2019-11-20,2019-11-21,11999.1,11966.05,646660000000.0,557690000000.0,-33.05,-0.28
2019-11-25,2019-12-03,12073.75,11982.239285714286,534300.0,605800.0,-91.51,-0.76
2019-12-12,2019-12-26,11971.8,12122.694361049107,752620000000.0,520300.0,150.89,1.26
2019-12-27,2019-12-31,12245.8,12157.9,383790000000.0,426930000000.0,-87.9,-0.72
2020-01-02,2020-01-03,12282.2,12195.25,407700000000.0,428770000000.0,-86.95,-0.71
2020-01-09,2020-01-21,12215.9,12216.081303013392,477470000000.0,443980000000.0,0.18,0.0
2020-01-24,2020-01-27,12248.25,12149.650390625,593200.0,441160000000.0,-98.6,-0.81
2020-02-04,2020-02-10,11979.65,12031.5,560430000000.0,524710000000.00006,51.85,0.43
2020-02-11,2020-02-14,12107.9,12099.0,479980000000.0,622780000000.0,-8.9,-0.07
2020-02-19,2020-02-20,12125.900390625,12080.85,513600.0,502600000000.0,-45.05,-0.37
2020-03-26,2020-03-27,8641.45,8660.25,865590000000.0,801500.0,18.8,0.22
2020-03-31,2020-04-01,8597.75,8358.0,712660000000.0,506300.0,-239.75,-2.79
2020-04-22,2020-05-04,9187.2998046875,9429.638521205356,734400.0,687490000000.0,242.34,2.64
2020-05-13,2020-05-14,9383.5498046875,9351.099609375,846400.0,602560000000.0,-32.45,-0.35
2020-05-20,2020-05-21,9066.5498046875,9106.25,622300.0,631540000000.0,39.7,0.44
2020-05-27,2020-06-11,9314.9501953125,9961.479974888392,763500.0,715450000000.0,646.53,6.94
2020-06-18,2020-07-14,10091.65,10625.168596540178,622900000000.0,532400.0,533.52,5.29
2020-07-17,2020-07-31,10901.7,11039.373272879464,676880000000.0,642560000000.0,137.67,1.26
2020-08-04,2020-08-31,11095.25,11536.9593359375,625700.0,1371800.0,441.71,3.98
2020-09-10,2020-09-21,11449.25,11372.933696986607,679420000000.0,602900.0,-76.32,-0.67
2020-09-25,2020-09-28,11050.25,11227.55,559600.0,472780000000.0,177.3,1.6
2020-10-01,2020-10-15,11416.9501953125,11712.018671875001,447700.0,608870000000.0,295.07,2.58
2020-10-19,2020-10-21,11873.0498046875,11820.400390625,541400.0,623660000000.0,-52.65,-0.44
2020-11-03,2020-11-25,11813.5,12839.316202566964,674300.0,679010000000.0,1025.82,8.68
2020-12-01,2020-12-21,13109.0498046875,13531.169260602679,583600.0,687250000000.0,422.12,3.22
2020-12-23,2021-01-15,13601.099609375,14378.978747209821,458700.0,789560000000.0,777.88,5.72
2021-01-19,2021-01-22,14521.15,14400.28697265625,546110000000.0,776750000000.0,-120.86,-0.83
2021-02-01,2021-02-19,14281.2001953125,15055.337882254464,870500.0,712210000000.0,774.14,5.42
2021-02-24,2021-02-26,14982.0,14776.630000000001,403800.0,1103640000000.0,-205.37,-1.37
2021-03-02,2021-03-15,14919.1,14814.987586495536,621720000000.0,467470000000.0,-104.11,-0.7
2021-03-23,2021-03-24,14814.75,14707.0,474150000000.0,456400000000.0,-107.75,-0.73
2021-03-30,2021-03-31,14845.1,14690.7,594520000000.0,436870000000.0,-154.4,-1.04
2021-04-01,2021-04-05,14867.35,14692.45,430030000000.0,500480000000.0,-174.9,-1.18
2021-04-07,2021-04-12,14819.05,14649.85,476380000000.0,638480000000.0,-169.2,-1.14
2021-04-15,2021-04-16,14581.45,14617.85,556850000000.0,568570000000.0,36.4,0.25
2021-04-26,2021-04-30,14485.0,14631.1,448530000000.0,594740000000.0,146.1,1.01
2021-05-06,2021-05-14,14724.7998046875,14611.502907366072,467800.0,620700.0,-113.3,-0.77
2021-05-17,2021-06-17,14923.150390625,15651.920638950893,546400.0,357650000000.0,728.77,4.88
2021-06-22,2021-06-23,15772.75,15752.1,322240000000.0,287540000000.0,-20.65,-0.13
2021-06-25,2021-06-29,15860.35,15772.3,314610000000.0,360330000000.0,-88.05,-0.56
2021-07-05,2021-07-08,15834.349609375,15762.0498046875,207000.0,307930000000.0,-72.3,-0.46
2021-07-13,2021-07-19,15812.349609375,15750.2743359375,246700.0,242130000000.0,-62.08,-0.39
2021-07-22,2021-07-27,15824.05,15726.4,265250000000.0,311000.0,-97.65,-0.62
2021-07-29,2021-07-30,15778.45,15763.0498046875,401580000000.0,400000.0,-15.4,-0.1
2021-08-02,2021-08-20,15885.150390625,16434.83923549107,244800.0,350820000000.0,549.69,3.46
2021-08-24,2021-09-20,16624.599609375,17514.65048549107,275400.0,339100000000.0,890.05,5.35
2021-09-23,2021-09-28,17822.94921875,17662.048649553573,320500.0,398000000000.0,-160.9,-0.9
2021-10-04,2021-10-20,17691.25,18255.468270089284,295760000000.0,371280000000.0,564.22,3.19
2021-10-26,2021-10-28,18268.400390625,18099.30078125,341400.0,374210000000.0,-169.1,-0.93
2021-11-01,2021-11-02,17929.65,17888.95,281190000000.0,296440000000.0,-40.7,-0.23
2021-11-08,2021-11-11,18068.55,17836.1,338920000000.0,232100.0,-232.45,-1.29
2021-11-12,2021-11-17,18102.75,17905.9,249110000000.0,295700.0,-196.85,-1.09
2021-12-02,2021-12-03,17401.65,17196.69921875,279870000000.0,292500.0,-204.95,-1.18
2021-12-08,2021-12-13,17469.75,17368.25,257790000000.00003,256560000000.0,-101.5,-0.58
2021-12-22,2021-12-23,16955.45,17072.6,207950000000.0,196970000000.0,117.15,0.69
2021-12-28,2021-12-30,17233.25,17161.150390625,176000.0,320830000000.0,-72.1,-0.42
2021-12-31,2022-01-19,17354.05078125,18012.215234375,167000.0,276660000000.0,658.16,3.79
2022-02-01,2022-02-03,17576.849609375,17560.2,386400.0,226610000000.0,-16.65,-0.09
2022-02-09,2022-02-11,17463.80078125,17339.0,236400.0,253100.0,-124.8,-0.71
2022-02-15,2022-02-16,17352.44921875,17322.2,298700.0,244550000000.0,-30.25,-0.17
2022-02-28,2022-03-02,16793.9,16605.95,404210000000.0,517720000000.0,-187.95,-1.12
2022-03-09,2022-03-10,16345.35,16594.9,462230000000.0,486450000000.0,249.55,1.53
2022-03-14,2022-03-15,16871.3,16606.5,314670000000.0,381600.0,-264.8,-1.57
2022-03-16,2022-04-07,16975.349609375,17705.529827008926,260000.0,308840000000.0,730.18,4.3
2022-04-21,2022-04-22,17392.6,17215.5,285200000000.0,262700.0,-177.1,-1.02
2022-04-26,2022-04-27,17200.8,17064.45,261070000000.0,265140000000.0,-136.35,-0.79
2022-04-28,2022-04-29,17245.05,17071.05,312910000000.0,336240000000.0,-174.0,-1.01
2022-05-17,2022-05-18,16259.3,16240.3,295690000000.0,290440000000.0,-19.0,-0.12
2022-05-20,2022-05-23,16266.15,16214.7,252400000000.0,293830000000.0,-51.45,-0.32
2022-05-27,2022-06-07,16352.45,16416.349609375,274060000000.0,233800.0,63.9,0.39
2022-06-21,2022-06-22,15638.8,15419.85,262790000000.00003,220890000000.0,-218.95,-1.4
2022-06-24,2022-06-27,15699.25,15832.05,219600000000.0,210930000000.0,132.8,0.85
2022-07-04,2022-07-05,15835.35,15810.85,304330000000.0,254160000000.0,-24.5,-0.15
2022-07-07,2022-07-12,16132.900390625,16045.9501953125,264600.0,208650000000.0,-86.95,-0.54
2022-07-18,2022-08-22,16278.5,17663.19857142857,227740000000.0,287560000000.0,1384.7,8.51
2022-08-30,2022-09-16,17759.30078125,17707.72842075893,324700.0,468460000000.0,-51.57,-0.29
2022-09-20,2022-09-21,17816.25,17744.4,263100000000.00003,245530000000.0,-71.85,-0.4
2022-09-30,2022-10-03,17094.35,16887.35,376110000000.0,278370000000.0,-207.0,-1.21
2022-10-04,2022-10-07,17274.30078125,17314.65,226000.0,216270000000.0,40.35,0.23
2022-10-14,2022-10-17,17185.7,17169.75,227000000000.0,212220000000.0,-15.95,-0.09
2022-10-18,2022-10-20,17486.94921875,17434.05078125,239500.0,249600000000.0,-52.9,-0.3
2022-10-24,2022-10-25,17730.75,17707.4,45030000000.0,251360000000.0,-23.35,-0.13
2022-10-28,2022-11-10,17786.8,18009.42228236607,250030000000.0,256500.0,222.62,1.25
2022-11-11,2022-11-18,18349.7,18259.35,378470000000.0,198790000000.0,-90.35,-0.49
2022-11-23,2022-12-05,18267.25,18623.166551339287,178800.0,288390000000.0,355.92,1.95
2022-12-13,2022-12-15,18608.0,18490.2,187590000000.0,183100.0,-117.8,-0.63
2022-12-27,2022-12-28,18132.3,18122.5,214260000000.0,193900.0,-9.8,-0.05
2022-12-29,2022-12-30,18191.0,18105.30078125,281050000000.0,192000.0,-85.7,-0.47
2023-01-03,2023-01-04,18232.55,18149.8,208700000000.0,235160000000.0,-82.75,-0.45
2023-01-09,2023-01-10,18101.2,17936.15,257240000000.0,283280000000.0,-165.05,-0.91
2023-01-13,2023-01-16,17956.6,17894.85,256700000000.0,206200000000.0,-61.75,-0.34
2023-01-17,2023-01-20,18053.30078125,18027.65,219100.0,237230000000.0,-25.65,-0.14
2023-02-03,2023-02-06,17854.05,17764.599609375,424120000000.0,282500.0,-89.45,-0.5
2023-02-08,2023-02-10,17871.69921875,17856.5,291000.0,231990000000.0,-15.2,-0.09
2023-02-14,2023-02-20,17929.849609375,17844.599609375,244500.0,174600.0,-85.25,-0.48
2023-03-01,2023-03-02,17450.9,17345.25,272880000000.0,310670000000.0,-105.65,-0.61
2023-03-03,2023-03-09,17594.35,17589.6,356170000000.0,262350000000.00003,-4.75,-0.03
2023-03-17,2023-03-20,17100.05,16958.15,408120000000.0,241800.0,-141.9,-0.83
2023-03-21,2023-03-22,17107.5,17151.9,246740000000.0,0.0,44.4,0.26
2023-03-29,2023-04-20,17080.7,17588.924285714285,345910000000.0,215100.0,508.22,2.98
2023-04-24,2023-05-17,17743.4,18195.0590234375,255740000000.0,229900000000.0,451.66,2.55
2023-05-22,2023-06-23,18314.4,18661.239849330355,262560000000.0,210600.0,346.84,1.89
2023-06-27,2023-07-21,18817.4,19713.435200892854,222460000000.0,312460000000.0,896.04,4.76
2023-07-26,2023-07-27,19778.3,19716.7,244750000000.0,334680.0,-61.6,-0.31
2023-07-31,2023-08-02,19753.80078125,19597.599609375,295100.0,290700.0,-156.2,-0.79
2023-08-07,2023-08-09,19597.30078125,19524.80078125,216600.0,266500.0,-72.5,-0.37
2023-08-21,2023-08-22,19393.599609375,19396.44921875,262600.0,208700.0,2.85,0.01
2023-08-23,2023-08-24,19444.0,19386.69921875,225200.0,268300.0,-57.3,-0.29
2023-09-01,2023-09-20,19435.30078125,19967.228404017857,333000.0,378100.0,531.93,2.74
2023-09-27,2023-09-28,19716.44921875,19554.0,203600.0,352800.0,-162.45,-0.82
2023-10-05,2023-10-06,19545.75,19653.5,234900.0,159100.0,107.75,0.55
2023-10-10,2023-10-18,19689.849609375,19671.099609375,216600.0,198900.0,-18.75,-0.1
2023-10-27,2023-10-30,19047.25,19140.900390625,205200.0,180100.0,93.65,0.49
2023-11-02,2023-11-03,19133.25,19230.599609375,245600.0,189500.0,97.35,0.51
2023-11-06,2023-12-20,19411.75,21213.424497767857,180700.0,363900.0,1801.67,9.28
2023-12-22,2024-01-10,21349.400390625,21500.745675223214,284700.0,217000.0,151.35,0.71
2024-01-11,2024-01-17,21647.19921875,21798.588699776785,212500.0,456000.0,151.39,0.7
2024-01-19,2024-01-23,21622.400390625,21575.0,343100.0,449700.0,-47.4,-0.22
2024-01-29,2024-01-30,21737.599609375,21522.099609375,376700.0,375100.0,-215.5,-0.99
2024-02-02,2024-02-05,21853.80078125,21805.55078125,442800.0,440800.0,-48.25,-0.22
2024-02-14,2024-02-28,21840.05078125,21951.150390625,359100.0,203000.0,111.1,0.51
2024-03-01,2024-03-13,22338.75,22159.5173828125,351500.0,493300.0,-179.23,-0.8
2024-03-21,2024-03-22,22011.94921875,21941.30078125,353200.0,388700.0,-70.65,-0.32
2024-03-27,2024-04-15,22123.650390625,22406.005385044642,409100.0,355500.0,282.35,1.28
2024-04-22,2024-05-03,22336.400390625,22371.940122767857,279300.0,438100.0,35.54,0.16
2024-05-14,2024-05-15,22217.849609375,22200.55078125,230200.0,231900.0,-17.3,-0.08
2024-05-16,2024-05-29,22403.849609375,22703.704715401786,368900.0,269900.0,299.86,1.34
2024-06-06,2024-07-22,22821.400390625,24502.0306640625,480400.0,324200.0,1680.63,7.36
2024-07-26,2024-08-05,24834.849609375,24637.8404296875,383800.0,487000.0,-197.01,-0.79
2024-08-09,2024-08-12,24367.5,24311.19921875,215100.0,279900.0,-56.3,-0.23
2024-08-16,2024-09-06,24541.150390625,25086.986356026784,271600.0,311700.0,545.84,2.22
2024-09-10,2024-09-11,25041.099609375,24896.80078125,251300.0,279200.0,-144.3,-0.58
2024-09-12,2024-09-20,25388.900390625,25440.1947265625,380100.0,533100.0,51.29,0.2
2024-09-23,2024-09-30,25939.05078125,25890.382003348215,209200.0,343100.0,-48.67,-0.19
2024-10-14,2024-10-15,25127.94921875,25017.5,206400.0,257200.0,-110.45,-0.44
2024-11-06,2024-11-07,24484.05078125,24204.05078125,351100.0,322200.0,-280.0,-1.14
2024-11-22,2024-11-28,23907.25,23914.150390625,367600.0,366700.0,6.9,0.03
2024-12-02,2024-12-13,24276.05078125,24399.63744419643,220400.0,310100.0,123.59,0.51
2025-01-01,2025-01-03,23742.900390625,24004.75,154900.0,312300.0,261.85,1.1
2025-01-16,2025-01-17,23311.80078125,23272.05078125,299400.0,272900.0,-39.75,-0.17
2025-01-20,2025-01-21,23344.75,23170.650390625,301500.0,312900.0,-174.1,-0.75
2025-01-23,2025-01-24,23205.349609375,23090.650390625,275600.0,264300.0,-114.7,-0.49
2025-01-29,2025-01-30,23163.099609375,23249.5,226300.0,361900.0,86.4,0.37
2025-01-31,2025-02-03,23508.400390625,23277.400390625,304900.0,329700.0,-231.0,-0.98
2025-02-04,2025-02-10,23739.25,23423.150390625,376700.0,234200.0,-316.1,-1.33
2025-03-05,2025-03-06,22337.30078125,22544.69921875,305900.0,372100.0,207.4,0.93
2025-03-18,2025-03-27,22834.30078125,23421.791852678572,272600.0,510300.0,587.49,2.57
2025-04-08,2025-04-09,22535.849609375,22399.150390625,468300.0,383800.0,-136.7,-0.61
2025-04-11,2025-05-09,22828.55078125,24119.8513671875,402200.0,335600.0,1291.3,5.66
2025-05-23,2025-06-02,24853.150390625,24614.05078125,270500.0,311100.0,-239.1,-0.96
2025-06-05,2025-06-13,24750.900390625,24818.036969866072,388400.0,318700.0,67.14,0.27
2025-06-16,2025-06-19,24946.5,24793.25,305800.0,274600.0,-153.25,-0.61
2025-06-20,2025-07-11,25112.400390625,25332.64037388393,574700.0,250000.0,220.24,0.88
2025-07-15,2025-07-16,25195.80078125,25212.05078125,241300.0,228800.0,16.25,0.06
2025-07-23,2025-07-24,25219.900390625,25085.5,271500.0,338700.0,-134.4,-0.53
2025-07-30,2025-07-31,24855.05078125,24771.94921875,243900.0,346300.0,-83.1,-0.33
2025-08-18,2025-08-26,24876.94921875,24852.849609375,363100.0,750500.0,-24.1,-0.1
2025-09-01,2025-09-02,24625.05078125,24579.599609375,229300.0,271600.0,-45.45,-0.18
2025-09-10,2025-09-22,24973.099609375,25168.650697544643,244100.0,254500.0,195.55,0.78
2025-10-01,2025-10-03,24836.30078125,24894.25,308900.0,365900.0,57.95,0.23
2025-10-06,2025-10-24,25077.650390625,25745.112779017858,268800.0,284900.0,667.46,2.66
2025-10-27,2025-10-28,25966.05078125,25827.0,266300.0,395200.0,-139.05,-0.54
2025-10-29,2025-10-30,26053.900390625,25960.30078125,321900.0,257400.0,-93.6,-0.36
2025-11-10,2025-11-11,25574.349609375,25503.5,243600.0,297700.0,-70.85,-0.28
2025-11-12,2025-11-14,25875.80078125,25781.150390625,312600.0,518900.0,-94.65,-0.37
2025-11-17,2025-11-18,26013.44921875,25906.349609375,281800.0,280000.0,-107.1,-0.41
2025-11-19,2025-11-25,26052.650390625,25902.130440848214,250100.0,260500.0,-150.52,-0.58
2025-11-26,2025-12-03,26205.30078125,25987.297823660716,275300.0,265700.0,-218.0,-0.83
2025-12-05,2025-12-08,26186.44921875,25985.349609375,249300.0,320700.0,-201.1,-0.77
2025-12-12,2025-12-15,26046.94921875,25938.44921875,216300.0,181600.0,-108.5,-0.42
2025-12-19,2025-12-29,25966.400390625,25921.844112723214,382900.0,234300.0,-44.56,-0.17
